lat,lon,type,fee,name
44.3056,-117.2233,slipway,no,
45.6015,-121.1699,slipway,no,
45.4303,-123.8185,slipway,no,Steiner Boat Launch
44.638,-123.1603,slipway,no,
45.2159,-123.9721,slipway,no,
45.454,-123.8589,slipway,no,
45.6905,-123.8824,slipway,no,
45.459,-123.845,slipway,no,
45.2964,-122.7027,slipway,no,
45.3772,-122.6165,slipway,no,Meldrum Bar Park
45.7298,-122.8602,slipway,no,
43.0634,-124.4246,slipway,no,Bradley Lake Boat Ramp
43.3801,-124.095,slipway,no,Doris Place Boat Ramp
43.3257,-124.2064,slipway,no,
43.9804,-121.8055,slipway,no,
43.9287,-121.4338,slipway,no,
43.7315,-121.1968,slipway,no,
43.7141,-121.2428,slipway,no,
43.7181,-121.2109,slipway,no,
43.7242,-121.196,slipway,no,
43.7358,-121.1996,slipway,no,
44.9293,-123.1142,slipway,no,
44.7702,-123.1473,ferry,no,Buena Vista Ferry
45.0906,-123.0462,ferry,no,Wheatland Ferry (West)
45.2217,-123.0703,slipway,no,Dayton Boat Landing
43.5013,-121.9727,slipway,no,
44.719,-123.916,slipway,no,
44.7331,-123.8422,slipway,no,Twin Bridges Memorial Park Boat 
44.8139,-123.9727,slipway,no,
44.6208,-123.8755,slipway,no,
44.7258,-123.9152,slipway,no,
44.4247,-122.6114,slipway,no,
44.4005,-122.7374,slipway,no,Pleasant Valley Boat Ramp
44.712,-122.1926,slipway,no,
43.8847,-124.1138,slipway,no,Westlake Boat Ramp
44.4778,-122.5073,slipway,no,
45.09,-123.0444,ferry,no,Wheatland Ferry (East)
44.7352,-122.1572,slipway,no,
44.7697,-123.1447,ferry,no,Buena Vista Ferry
45.5733,-122.1599,slipway,no,
45.5624,-122.7065,slipway,no,Swan Island Boat Ramp
45.9256,-119.3319,slipway,no,
45.8228,-122.5341,slipway,no,
45.9686,-122.3863,slipway,no,
45.9192,-122.8035,slipway,no,Woodland Bottoms Water Access Si
45.9682,-122.3384,slipway,no,
46.219,-119.0915,slipway,no,
45.683,-120.8207,slipway,no,
45.6427,-121.1046,slipway,no,Columbia Hills State Park Boat L
45.6397,-121.1038,slipway,no,
45.6145,-122.0409,slipway,no,
45.6214,-122.0201,slipway,no,Beacon Rock Boat Ramp
45.1295,-116.7402,slipway,no,
45.6324,-116.476,slipway,no,Pittsburg Landing
45.7226,-121.5653,slipway,no,
42.8365,-117.622,slipway,no,Rome Launch Site
45.4055,-121.4217,pier,no,Diving Float
45.301,-122.6929,ferry,no,North Canby Ferry
45.299,-122.6928,ferry,no,South Canby Ferry
45.093,-123.0418,slipway,no,
45.6012,-122.6189,slipway,no,
45.6298,-122.6965,dock,no,Vancouver Lower Turning Basin
45.8526,-119.672,dock,no,Port of Morrow
42.6253,-123.5972,slipway,no,Argo Boat Launch
42.0476,-124.2684,marina,no,Port of Brookings
43.6776,-124.1776,dock,no,East Basin
43.679,-124.1832,dock,no,West Basin
43.6832,-124.1762,dock,no,Salmon Harbor
46.2085,-123.7686,dock,no,General Anchorage
45.7914,-122.7991,slipway,no,Gilbert River Boat Ramp
43.3406,-124.3221,fishing,no,Charleston Fishing Pier
43.1734,-124.1916,slipway,no,Coquille Boat Ramp
43.3629,-124.0811,slipway,no,Myrtle Tree Boat Ramp
44.9467,-123.0437,slipway,no,
44.9446,-123.0462,slipway,no,
45.292,-122.7752,slipway,no,Boones Ferry County Boat Launch
46.0856,-123.9074,slipway,no,Cullaby Lake Boat Launch
45.4888,-123.2279,slipway,no,
45.0002,-116.8477,slipway,no,Bob Creek Boat Launch
45.4756,-122.6684,slipway,no,Willamette Park
45.8987,-117.4835,slipway,no,Powwatka Bridge Access
45.2984,-122.6833,slipway,no,
44.1269,-120.7229,slipway,no,
44.1328,-120.75,slipway,no,
44.1285,-120.7202,dock,no,
44.4805,-122.5173,slipway,no,Thistle Creek County Boat Ramp
45.5602,-122.4432,slipway,no,
45.3386,-122.6497,slipway,no,"Willamette Park, West Linn"
45.6799,-120.836,slipway,no,
46.0595,-122.2312,fishing,no,
46.2219,-119.1386,slipway,no,
45.5075,-122.6715,slipway,no,Poet's Beach
45.4988,-122.6673,slipway,no,South Waterfront Greenway
45.7106,-121.6391,slipway,no,
45.6888,-121.8974,slipway,no,
45.4785,-122.6699,marina,no,Willamette Sailing Club
45.8636,-119.8414,slipway,no,
45.8563,-119.8531,slipway,no,
42.259,-123.5779,slipway,no,South Shore Boat Launch
44.1,-121.6244,slipway,no,
43.5353,-116.5534,fishing,no,
43.5374,-116.554,fishing,no,
45.8427,-119.7125,slipway,no,
45.5781,-122.3811,slipway,no,Parker's Landing Boat Ramp
45.3923,-122.4962,slipway,no,
45.0387,-121.112,ferry,no,
44.7586,-121.2274,slipway,no,Warm Springs Boat Ramp
43.9809,-122.9666,slipway,no,Dilley Landing
43.9167,-122.75,slipway,no,
43.9564,-122.7546,slipway,no,
43.9563,-122.7539,slipway,no,
43.9313,-121.4132,slipway,no,
44.5518,-123.2519,slipway,no,Crystal Lake Boat Ramp
44.7127,-122.1924,slipway,no,
44.7281,-122.1759,slipway,no,
45.2994,-122.3604,slipway,no,Upper McIver Boat Ramp
45.6054,-122.4098,slipway,no,Lacamas Lake Boat Launch
45.8686,-122.731,slipway,yes,
45.9606,-122.3724,slipway,no,Merwin Kayak-Canoe Launch
45.3646,-122.6022,slipway,no,
45.3388,-122.6526,slipway,no,
46.0093,-122.849,slipway,no,
45.3342,-117.2189,slipway,no,Wallowa Lake County Park
46.0653,-118.2638,slipway,no,
44.106,-120.7777,slipway,no,Powder House Cove Boat Ramp
45.5162,-122.3575,slipway,no,
45.6402,-122.7633,slipway,no,Canoe Launch
45.5875,-122.7643,slipway,no,Cathedral Park
45.4799,-122.6706,marina,no,Johns Landing Boating Club
45.4845,-122.6717,marina,no,Landing Boat Club
45.4746,-122.6626,marina,no,Oregon Yacht Club
44.8028,-121.7816,slipway,no,
42.8446,-124.5374,slipway,no,
45.7356,-122.8382,slipway,no,
45.6184,-122.4325,slipway,no,
45.6124,-122.6337,slipway,no,
45.5445,-122.2491,slipway,no,Rooster Rock Boat Launch
45.8674,-122.7985,slipway,no,Public Access Boat Launch
45.9035,-122.8135,slipway,no,
45.9012,-122.7443,slipway,no,
45.6887,-123.902,slipway,no,
45.6895,-123.9331,slipway,no,Nehalem State Park
42.2889,-121.8752,slipway,no,
44.6399,-123.1066,slipway,no,Takena Landing
46.2682,-123.4614,slipway,no,
46.1646,-123.9209,slipway,no,Warrenton Boat Launch
44.643,-123.0862,slipway,no,
43.9277,-124.0979,slipway,no,East Woahink Boat Ramp
45.8277,-122.8377,slipway,no,
45.3705,-122.5963,slipway,no,
45.3723,-122.603,slipway,no,Clackamette Park Boat Ramp
45.2224,-123.0273,slipway,no,
45.2857,-122.969,slipway,no,
45.999,-122.8452,slipway,no,
46.0566,-122.8744,slipway,no,
43.3635,-124.2059,slipway,no,Eastside Boat Ramp
44.3748,-121.9984,slipway,no,
43.4634,-122.0163,slipway,no,
45.373,-122.6075,fishing,no,
45.3746,-122.611,fishing,no,
45.3772,-122.6172,fishing,no,
46.1077,-123.2064,slipway,no,Beaver Boat Ramp
44.6389,-123.1124,slipway,no,
44.0217,-117.4013,slipway,no,
45.9009,-119.492,slipway,no,
45.5405,-122.3796,slipway,no,
42.588,-121.9315,slipway,no,
43.55,-121.964,marina,no,
45.3818,-122.413,slipway,no,
44.6038,-123.9024,slipway,no,
44.5985,-123.9391,slipway,no,Port of Toledo Boat Launch
44.5928,-123.9414,marina,no,
43.3956,-123.2522,slipway,no,
46.0938,-122.943,slipway,no,
45.8142,-122.5916,slipway,no,
44.4214,-121.7313,slipway,no,
44.4199,-121.7393,slipway,no,
44.1167,-123.1088,slipway,no,
46.2387,-119.2293,slipway,no,Bateman Island
46.258,-119.4946,slipway,no,14th Street Yakima Rivers Access
45.9366,-122.6205,slipway,no,Cedar Creek Lewis River Boat Acc
45.618,-122.2558,slipway,no,County Line Washougal River Boat
45.9362,-122.6375,slipway,no,Happa Boat Launch
45.6155,-122.42,slipway,no,Lacamas Lake Boat Access Ramp
45.7043,-122.7598,slipway,no,Langsdorf Landing Boat Launch
43.6851,-116.7141,slipway,no,
43.6855,-116.7148,slipway,no,
43.8762,-116.9825,slipway,no,
44.6774,-118.0069,slipway,no,Mason Dam Boat Launch
44.685,-118.0242,slipway,no,
45.0259,-117.7899,slipway,no,
46.2792,-118.8341,slipway,no,
45.9177,-119.1741,slipway,no,
43.5582,-116.6479,slipway,no,Lake Lowell East Boat Ramp
45.743,-122.8287,slipway,no,
46.2781,-122.9117,slipway,no,Al Helenberg Memorial Boat Launc
45.2684,-121.7389,slipway,no,
45.2689,-121.7378,slipway,no,
46.137,-123.3784,ferry,no,Puget Island Ferry
46.1368,-123.3729,slipway,no,Westport Boat Ramp
46.1535,-123.3773,ferry,no,Puget Island Ferry
45.6124,-122.7143,slipway,no,Smith & Bybee Lake Canoe Launch
43.9787,-121.8074,slipway,no,
43.7126,-121.2761,slipway,no,
43.713,-121.2735,slipway,no,
45.1082,-121.7913,slipway,no,
45.1134,-121.7757,slipway,no,
45.4304,-123.9462,slipway,no,
45.6888,-123.9013,marina,no,Paradise Cove Marina
45.7072,-123.8875,slipway,no,Boat Launch
45.7307,-123.8804,slipway,no,
43.2989,-116.523,slipway,no,
43.6417,-117.2332,slipway,no,
46.1009,-123.9292,slipway,no,
46.2025,-123.9524,slipway,no,Hammond Marina Boat Launch
46.1707,-123.8366,slipway,no,
46.1948,-123.8024,slipway,no,East End Basin Boat Launch
46.1625,-123.7257,slipway,no,
46.2352,-123.519,slipway,no,Aldrich Point Boat Ramp
46.21,-116.8408,slipway,no,Waha Lake Boat Ramp
45.6489,-120.9637,slipway,no,
45.6173,-121.1365,slipway,no,
45.626,-121.1283,slipway,no,
44.7687,-123.1475,slipway,no,
43.5305,-124.2168,slipway,no,
43.5727,-124.1703,slipway,no,
45.4409,-123.6118,slipway,no,Trask River Park Day Use
42.4295,-123.3197,slipway,no,
42.4121,-123.1265,slipway,no,
45.6055,-122.7802,berth,no,Berth 401
45.6047,-122.7743,berth,no,Berth 405
45.6036,-122.7743,berth,no,Berth 408
45.6012,-122.774,berth,no,Berth 411
45.5975,-122.7744,berth,no,Berth 414
45.5964,-122.7736,berth,no,Berth 415
45.5939,-122.7716,berth,no,Berth 416
43.987,-121.3989,slipway,no,
43.9697,-121.415,slipway,no,
45.7087,-121.4573,slipway,no,
45.6623,-121.0352,slipway,no,Avery Recreation Area Boat Launc
45.7018,-120.7289,slipway,no,
45.7012,-120.7293,slipway,no,
45.7083,-120.3833,slipway,no,
45.7193,-120.3146,slipway,no,
45.7159,-121.517,slipway,no,Windsurf launch
45.5062,-120.3621,slipway,no,Boat Ramp
45.4716,-123.8909,slipway,no,
43.9147,-121.7651,slipway,no,
44.7368,-120.1655,slipway,no,Twickenham Boat Launch
44.014,-121.7384,slipway,no,
43.1683,-122.1659,slipway,no,
43.9571,-121.4166,slipway,no,
44.0651,-123.3059,slipway,no,
46.2954,-118.8081,slipway,no,
46.2567,-118.8468,slipway,no,
46.1113,-122.8951,slipway,no,
46.1374,-122.9522,slipway,no,Canoe Launch
45.6107,-122.7553,slipway,no,
45.7084,-122.8115,slipway,no,
45.7912,-122.7978,slipway,no,
46.2529,-118.8769,slipway,no,
46.1739,-123.0854,slipway,no,Willow Grove Boat Launch
45.047,-116.813,slipway,no,
43.7205,-121.1978,slipway,no,
46.2057,-123.3881,slipway,no,
46.2703,-123.946,slipway,no,Chinook Marina Boat Launch
43.1369,-122.1441,slipway,no,
43.147,-122.1356,slipway,no,
43.1624,-122.134,slipway,no,
42.6783,-122.6332,slipway,no,
42.6788,-122.6706,slipway,no,
46.0516,-122.0441,slipway,no,
42.526,-122.8424,slipway,no,
42.5767,-122.8401,slipway,no,
42.4398,-122.8959,slipway,no,
45.7313,-120.2248,slipway,no,
43.8838,-122.6886,slipway,no,
43.9403,-122.7474,slipway,no,
45.6338,-121.9653,slipway,no,
45.6718,-121.893,ferry,no,Sternwheeler Columbia Gorge
46.0901,-122.8989,slipway,no,
45.6873,-121.4041,slipway,no,Rock Creek Beach
42.9438,-121.067,slipway,no,
45.4901,-122.9511,slipway,no,
42.0476,-124.2676,seamark,no,
43.5923,-121.8533,slipway,no,
44.1244,-122.4683,slipway,no,
43.8872,-121.4557,slipway,no,
43.2723,-122.4098,slipway,no,
43.3099,-122.1947,slipway,no,
43.3142,-122.193,slipway,no,
43.3189,-122.1924,slipway,no,Boat Launch
43.8221,-121.4849,slipway,no,
43.6758,-121.8225,slipway,no,
43.7034,-121.753,slipway,no,
43.7023,-121.7639,slipway,no,
43.773,-121.5294,slipway,no,
43.6887,-121.6745,slipway,no,
42.0094,-121.116,slipway,no,
43.7088,-121.2459,slipway,no,
43.7688,-121.8319,slipway,no,
43.7854,-121.8341,slipway,no,
43.8285,-121.8383,slipway,no,
43.833,-121.834,slipway,no,
43.9106,-121.7614,slipway,no,
43.9591,-121.7888,slipway,no,
43.9659,-121.808,slipway,no,
45.9816,-122.4188,slipway,no,
46.2014,-119.0376,slipway,no,
44.5376,-122.8887,slipway,no,
43.5009,-121.9736,slipway,no,
43.4613,-122.029,slipway,no,
43.6863,-122.4438,slipway,no,
43.8163,-122.5884,slipway,no,
43.808,-122.5655,slipway,no,
43.871,-122.6722,slipway,no,
43.7017,-122.3876,slipway,no,
43.6151,-122.4442,slipway,no,Bingham Boat Ramp
43.6597,-122.4367,slipway,no,
44.9738,-123.9986,slipway,no,
44.9,-124.0072,slipway,no,
45.4927,-121.8191,slipway,no,Lost Lake Boat Ramp
44.9901,-123.9953,slipway,no,Holmes Road Boat Ramp
44.9958,-123.9964,slipway,no,Blue Heron Landing
44.9928,-123.9962,slipway,no,
45.3939,-122.772,slipway,no,
43.7147,-121.7707,slipway,no,
45.939,-122.681,fishing,no,
45.9395,-122.6825,slipway,no,Island Boat Ramp
45.8677,-122.7251,slipway,no,Pekin Ferry Boat Launch
46.026,-122.3171,slipway,yes,
46.0596,-122.2762,slipway,no,
45.9129,-122.7406,fishing,no,
45.9586,-122.5601,fishing,no,
45.8166,-122.7502,slipway,no,
45.431,-122.6504,slipway,no,
45.8598,-122.6731,slipway,no,La Center Shore Launch
43.3883,-116.6704,slipway,no,
45.7059,-120.5018,slipway,no,Pasture Point Treaty Fishing Acc
44.4171,-121.7542,slipway,no,
45.2976,-122.3492,slipway,no,Estacada Lake Boat Ramp
45.6736,-122.6992,slipway,no,Vancouver Lake Boat Launch
42.659,-122.699,slipway,no,Casey Park Boat Ramp
42.6618,-122.7522,slipway,no,Rogue Elk Boat Ramp
42.6651,-122.6873,slipway,no,Cole Rivers Hatchery Boat Ramp
42.6135,-122.814,slipway,no,Shady Cove Boat Ramp
45.6814,-121.2884,slipway,no,
43.5452,-119.614,slipway,no,
46.0389,-122.8647,slipway,no,Fisherman's Loop Boat Launch
46.244,-119.2058,slipway,no,Boat Launch
44.2732,-123.1741,slipway,no,
43.0488,-123.5669,slipway,no,
42.9967,-124.4571,slipway,no,
45.9361,-122.6268,fishing,no,
45.9681,-122.4073,slipway,no,
46.1044,-123.2004,slipway,no,
46.0388,-122.8742,slipway,no,Sportsman's Club Boat Launch
46.0362,-122.8558,slipway,no,
46.0465,-122.8533,slipway,no,
44.5204,-124.0697,slipway,no,Beaver Creek Boat Launch
42.1711,-122.4623,slipway,no,
42.0283,-123.1488,slipway,no,Copper Boat Ramp
45.6036,-122.6583,slipway,no,
45.9905,-122.4753,slipway,no,
44.5326,-121.2913,slipway,no,
45.9819,-123.9273,slipway,no,
45.6273,-123.9388,slipway,no,
45.1973,-123.9651,slipway,no,
46.1778,-123.7507,slipway,no,
45.7047,-122.8685,slipway,no,
45.078,-123.0519,slipway,no,
45.1141,-121.8025,slipway,no,
45.3121,-122.3803,slipway,no,Lower McIver Boat Ramp
45.3963,-122.562,slipway,no,
43.5955,-123.8469,fishing,no,
46.0473,-122.8373,slipway,no,
46.0445,-122.7987,slipway,no,
42.5444,-117.1691,slipway,no,Three Forks Launch Site
43.2253,-117.4962,slipway,no,Birtch Creek Take-Out
46.1696,-123.2334,slipway,no,
45.387,-122.7626,slipway,no,Boat Ramp
45.5895,-120.4096,slipway,no,
44.0036,-120.3921,slipway,no,
44.4114,-123.9115,slipway,no,
45.622,-122.0201,marina,yes,Beacon Rock Moorage
45.6322,-120.9129,slipway,no,
44.5475,-121.2792,slipway,no,
44.435,-120.3374,slipway,no,
45.6603,-123.93,slipway,no,
43.9307,-124.1092,slipway,no,Cleawox Lake Boat Ramp
44.3767,-117.2376,slipway,no,
44.136,-120.6932,slipway,no,
43.1746,-124.199,slipway,no,Sturdivant Park Boat Ramp
43.9978,-116.9601,slipway,no,
45.6136,-123.2457,slipway,no,
44.6284,-124.0548,pier,no,Abbey Street Pier
44.7699,-117.069,slipway,no,
44.7594,-117.1229,slipway,no,
44.7558,-117.1316,slipway,no,
45.2539,-116.6963,slipway,no,Hells Canyon Creek Boat Launch
45.7181,-121.789,slipway,no,Home Valley
45.6936,-121.7734,slipway,no,
43.0992,-117.3303,slipway,no,
43.5499,-121.9648,slipway,no,
43.3217,-117.3256,slipway,no,
43.611,-117.2562,slipway,no,
43.6161,-117.2558,slipway,no,
44.5193,-122.8915,slipway,no,
43.2817,-123.3563,slipway,no,
45.7168,-121.5264,slipway,no,Windsurf launch
43.63,-122.0499,slipway,no,Gold Lake Boat Launch
45.2993,-121.0182,slipway,no,Pine Tree Boat Launch
45.3926,-120.8809,slipway,no,Macks Canyon Boat Launch
45.3365,-120.9469,slipway,no,Beavertail Boat Launch
45.1337,-121.1216,slipway,no,Harpham Flat Boat Launch
45.1269,-121.1294,slipway,no,Longbend Boat Launch
45.2673,-121.0191,slipway,no,Buckhollow Boat Launch
45.2403,-121.0491,slipway,no,Sandy Beach Boat Launch
43.7167,-123.057,slipway,no,
44.9908,-123.0547,slipway,no,Keizer Rapids Park Boat Ramp
42.9974,-120.7499,slipway,no,
43.8656,-117.0059,ferry,no,
43.8663,-117.0064,ferry,no,
42.3934,-122.3195,slipway,no,Fish Lake Boat Ramp
44.3655,-121.9905,slipway,no,
45.477,-120.4688,slipway,no,J.S. Burres Boat Ramp
45.8432,-119.7116,marina,no,Boardman Marina
44.9834,-122.7444,slipway,no,
43.3311,-124.3695,fishing,no,Fish Cleaning
45.7218,-121.5706,slipway,no,
44.5463,-118.9147,slipway,no,Magone Lake Boat Launch
45.0406,-123.9935,slipway,no,
45.5039,-122.6642,slipway,no,
43.3041,-122.5264,slipway,no,
45.3587,-122.6117,fishing,no,
43.5624,-121.9643,slipway,no,
44.1153,-123.2802,slipway,no,
45.9296,-119.3525,slipway,no,
44.959,-118.2294,slipway,no,Anthony Lake Boat Launch
45.2862,-117.2142,slipway,no,
42.6325,-124.0491,slipway,no,
42.6504,-123.5858,slipway,no,Grave Creek Boat Ramp
42.6063,-123.5794,slipway,no,Almeda Park Ramp
44.9103,-124.0264,slipway,no,
45.895,-122.7381,fishing,no,
45.9064,-122.7367,slipway,no,Canoe Launch
44.7307,-122.1701,slipway,no,
45.7486,-122.7717,slipway,no,
44.8097,-124.061,marina,yes,Depoe Bay Harbor
42.4311,-123.1711,slipway,no,Fleming Boat Ramp
44.8068,-119.9661,slipway,no,
45.6217,-122.8096,slipway,no,
45.6194,-122.8058,slipway,no,
45.6191,-122.8051,slipway,no,
44.1189,-123.3163,marina,no,Richardson Park Marina
43.6779,-123.9333,slipway,no,
43.1477,-124.401,slipway,no,Boat Ramp
43.011,-124.4521,slipway,no,New River Kayak Access
42.1729,-122.4571,slipway,no,
44.2469,-116.9877,slipway,no,
45.4424,-122.6432,slipway,no,Milwaukie Bay Boat Launch
44.0699,-122.9068,slipway,no,
43.9254,-122.8115,slipway,no,Middlefork Boat Launch
45.944,-119.299,slipway,no,
45.0404,-123.9966,slipway,no,Westwind Ferry Landing
44.715,-122.1233,slipway,no,Hoover Boat Ramp
44.7141,-122.1577,slipway,no,
44.7225,-122.1594,slipway,no,
44.7078,-122.1739,slipway,no,Southshore Boat Ramp
44.1157,-123.062,slipway,no,Kayak Launch
45.6519,-120.9586,slipway,no,Boat Ramp
45.1596,-123.9352,slipway,no,
42.2398,-122.4101,slipway,no,
42.3778,-122.2107,slipway,no,
42.1359,-121.9425,slipway,no,
43.7998,-124.1463,slipway,yes,Tahkenitch Landing Boat Ramp
45.3436,-119.5391,slipway,no,
44.2641,-117.127,slipway,no,
44.3608,-117.6831,slipway,no,
44.263,-117.1278,slipway,no,
45.7296,-121.5239,fishing,no,Underwood White Salmon Treaty Fi
45.4501,-122.9498,slipway,no,Farmington Paddle Launch
45.7306,-120.2237,slipway,no,
44.0775,-123.3247,slipway,no,
45.6641,-122.7171,slipway,no,Vancouver Lake Boat Launch
46.233,-116.6219,slipway,no,Winchester Lake Boat Ramp
45.927,-119.2918,slipway,no,
46.2547,-119.4738,slipway,yes,Benton City Boat Launch
46.232,-119.9999,slipway,no,Mabton Bridge Boat Launch
46.0303,-117.3169,slipway,no,Botts Boat Launch
46.0347,-117.1151,fishing,no,
46.0627,-116.9967,slipway,no,Ebsen Boat Launch
46.086,-116.983,slipway,no,Heller Bar Boat Ramp
46.2056,-116.967,slipway,no,Couse Creek Boat Launch
46.0417,-117.2531,slipway,no,Boggan's Oasis Boat Launch
44.6846,-121.2396,slipway,no,
46.2567,-119.2876,slipway,no,Chamna
45.7194,-120.4615,slipway,no,
45.8184,-121.1177,slipway,no,Mineral Springs Boat Launch
45.924,-121.1099,slipway,no,Stinson Flat Boat Launch
45.9386,-121.1211,slipway,no,Leidl Boat Launch
46.217,-119.116,slipway,no,
44.9161,-120.47,slipway,no,
44.8907,-120.4374,slipway,no,
46.0936,-122.3204,slipway,no,
45.5837,-122.6476,slipway,no,
43.1175,-123.4261,slipway,no,
45.7799,-121.5158,slipway,no,
45.8116,-119.9705,slipway,no,
42.0516,-123.1256,slipway,no,
44.3779,-121.8698,slipway,no,
46.0364,-122.8916,dock,no,Fishing dock
45.9937,-123.9245,slipway,no,
45.465,-122.6641,slipway,no,Sellwood Riverfront Park
45.4104,-122.66,slipway,no,George Rogers Park
45.8672,-122.7226,fishing,no,
44.0527,-124.0535,slipway,no,Mercer Lake Boat Ramp
43.8631,-121.4518,slipway,no,Harper Bridge River Access
45.1648,-122.1227,slipway,no,Boat ramp
45.1576,-122.1514,slipway,no,Fish Creek Wooden Boat Slide
42.052,-124.2693,slipway,no,
44.0039,-124.0707,slipway,no,Bender Landing County Park
43.3797,-124.2171,berth,no,USCGC Orcas
42.0463,-124.269,fishing,no,
43.347,-124.3219,seamark,no,
44.6228,-124.0508,slipway,no,
44.8081,-124.0602,slipway,no,
46.1904,-123.8252,berth,no,USCGC Alert
46.1905,-123.8235,berth,no,USCGC Steadfast
45.5706,-122.7229,berth,no,USCGC Bluebell
45.4825,-123.2111,slipway,no,
45.9938,-123.9151,slipway,no,
45.9455,-117.4502,slipway,no,Troy Boat Launch
46.167,-116.7361,slipway,no,
46.0834,-116.9821,slipway,no,Heller Bar Alternate Boat Ramp
45.8045,-116.6863,slipway,no,Dug Bar Landing
45.9911,-117.3846,slipway,no,State Line Access
45.9571,-117.4238,slipway,no,Mallory Bridge Access
46.0248,-117.1456,slipway,no,Shumaker Access
45.8988,-117.4732,slipway,no,Mud Creek Access
45.6217,-117.7215,slipway,no,Minam Boat Launch
45.5887,-120.4095,slipway,no,
42.2576,-123.5707,slipway,no,
44.1288,-122.3797,slipway,no,
44.9842,-116.8586,slipway,no,Copperfield Boat Ramp
44.0506,-121.3223,slipway,no,
45.1602,-120.4706,slipway,no,Thirtymile Boat Launch
44.306,-120.7035,slipway,no,
42.284,-120.6422,dock,no,Dock
44.4348,-124.0595,slipway,no,Alsea Bay Boat Launch
42.1706,-122.4642,fishing,no,Fish cleaning
42.5545,-124.0584,fishing,no,John Carl Guide Service
43.8871,-121.4547,slipway,no,
44.1227,-120.6868,slipway,no,
42.1839,-122.4492,slipway,no,Wildcat Boat Ramp
44.676,-118.078,slipway,no,
44.4913,-122.8181,slipway,no,
42.3542,-123.7843,slipway,no,Miami Bar Boating Site
44.74,-120.2713,slipway,no,Priest Hole Boat Launch
43.7894,-123.0247,fishing,no,
45.328,-122.3822,slipway,no,Elmer Feldheimer Boat Landing
45.2394,-122.2592,slipway,no,
44.7923,-120.0007,slipway,no,
44.7427,-120.2806,slipway,no,
44.3641,-123.8273,slipway,no,Five Rivers boat launch
44.346,-123.7216,slipway,no,
44.3658,-123.6896,slipway,no,
44.3848,-123.6285,slipway,no,
45.7173,-121.511,slipway,no,Kitesurf launch
45.7159,-121.5132,slipway,no,Windsurf launch
45.8124,-119.9669,slipway,no,
45.8117,-119.9698,slipway,no,
45.7167,-121.5254,slipway,no,Windsurf launch
45.716,-121.5269,slipway,no,Windsurf launch
44.2051,-122.04,slipway,no,Frissell Boat Launch
42.4218,-120.1617,slipway,no,
45.5582,-122.4601,slipway,no,
45.5774,-122.3768,slipway,no,
44.673,-121.2321,slipway,no,
43.7145,-121.276,slipway,yes,
44.1124,-123.0481,slipway,no,
43.9843,-123.6601,slipway,no,Whittaker Creek Boat Ramp
43.2964,-123.1059,slipway,no,Colliding Rivers Boat Ramp
44.1162,-122.4429,slipway,no,
44.5697,-123.2557,slipway,no,Michael's Landing
44.1174,-123.3146,slipway,no,
44.6256,-124.0564,seamark,no,
42.2347,-121.8147,slipway,no,
42.2349,-121.8094,slipway,no,
44.915,-123.0168,slipway,no,
45.5837,-122.3443,slipway,no,
45.6941,-121.8778,slipway,no,
44.1449,-122.5898,slipway,no,EWEB Boat Ramp
44.0536,-124.0971,slipway,no,Sutton Lake Boat Launch
45.7156,-121.6446,slipway,no,Drano Run Launch
42.5705,-121.879,slipway,no,
44.4011,-116.9001,slipway,no,
46.2922,-122.2661,slipway,no,Coldwater Lake Boat Ramp
45.555,-122.4914,slipway,no,
45.7035,-121.4738,slipway,no,
45.6713,-122.7432,slipway,no,
43.561,-116.6616,slipway,no,
43.5878,-116.7287,slipway,no,
45.3939,-122.7992,slipway,no,
45.8582,-122.7746,slipway,yes,Steven's Moorage Boat Launch
43.5008,-121.9728,marina,no,Hoodoo Marina
43.4082,-119.3998,slipway,no,
46.1779,-123.9651,dock,no,
44.0452,-123.0265,slipway,no,
44.1317,-122.5193,slipway,no,
45.9996,-122.8456,fishing,no,
44.0709,-123.786,slipway,no,
42.4294,-123.3489,fishing,no,
42.4289,-123.3495,fishing,no,
42.4289,-123.3482,fishing,no,
46.2645,-119.3066,slipway,yes,
43.3466,-124.324,slipway,no,Charleston Marina Boat Ramp
46.2805,-124.0452,seamark,no,
45.8749,-122.7796,slipway,no,
44.7997,-123.9066,slipway,no,
44.3736,-123.8359,slipway,no,Blackberry Campground boat launc
44.0486,-123.0509,slipway,no,
42.5033,-124.2952,slipway,no,
44.4077,-123.901,slipway,no,East Alsea Riviera Drive public 
45.9393,-119.311,slipway,no,
42.4373,-123.0422,slipway,no,Gold Hill Sports Park Boat Ramp
45.483,-123.8571,fishing,no,
45.4847,-123.8619,fishing,no,
44.924,-123.0748,slipway,no,
44.7462,-120.3641,slipway,no,
45.5502,-122.7025,berth,no,Dredge Essayons
45.5499,-122.7038,berth,no,Dredge Yaquina
45.8571,-122.672,slipway,no,Kayak Launch
45.8591,-122.6717,slipway,no,
44.4541,-123.2101,slipway,no,
45.8657,-122.7159,slipway,no,CD Hale Road
42.3144,-121.9423,slipway,no,Wocus Bay Boat Launch
42.4778,-122.0871,slipway,no,Rocky Point Public Boat Ramp
42.6331,-124.0501,seamark,yes,
42.5681,-123.5945,slipway,no,
46.2702,-123.4565,slipway,no,
44.5157,-124.0473,slipway,no,
46.0347,-117.2727,slipway,no,
46.2107,-119.0177,slipway,no,Hood Park Boat Basin
43.3416,-116.6034,slipway,no,
43.5502,-116.8021,slipway,no,
43.5487,-116.8016,slipway,no,
44.8507,-116.896,slipway,no,
44.7564,-117.1273,slipway,no,
44.8029,-116.9218,slipway,no,
44.8031,-116.9226,slipway,no,
44.4053,-123.9423,slipway,no,Happy Landing RV Park & Marina b
44.4141,-124.0035,slipway,no,Alsea River RV Park & Marina boa
44.4145,-124.0053,slipway,no,Drift Creek Landing RV Park & Ma
44.4149,-124.0069,slipway,no,King Silver RV Park & Marina boa
44.3499,-123.8366,slipway,no,Ermie Walters boat launch
43.3812,-123.2813,slipway,no,
43.376,-123.2606,slipway,no,
46.2976,-119.3343,slipway,no,
46.1842,-119.0322,slipway,no,
43.6368,-123.5707,slipway,no,
46.0623,-118.9034,slipway,no,
44.4325,-124.0539,slipway,no,McKinley's RV Park & Marina boat
46.0537,-122.2913,slipway,no,
43.6902,-123.0682,slipway,no,
43.5707,-124.2049,slipway,no,Spinreel Boat Launch
43.3933,-124.2802,slipway,no,Empire Boat Ramp
45.6078,-122.0386,slipway,no,
42.4995,-124.2301,slipway,no,Quosatana Boat Ramp
46.0266,-118.9364,slipway,no,
46.2319,-118.9825,slipway,no,
43.7826,-123.9899,slipway,no,Noel Ranch Boat Launch
42.4305,-124.4101,slipway,no,
43.5366,-116.5535,fishing,no,
45.9145,-119.3488,slipway,no,
43.8178,-121.4973,slipway,no,Big River Boat Ramp
45.9269,-119.2925,slipway,no,
45.9201,-119.1646,slipway,no,
45.7294,-120.6508,slipway,no,
45.8097,-123.0735,fishing,no,
42.7481,-124.5089,slipway,no,
43.7128,-124.1045,slipway,no,
45.6926,-121.7778,slipway,no,
44.0593,-121.3232,slipway,no,
44.0245,-122.9554,slipway,no,
44.0244,-122.9565,slipway,no,
45.7327,-122.8573,pier,no,
43.4081,-124.2207,pier,no,
45.6023,-118.7984,slipway,no,
45.6053,-122.6555,pier,no,
45.6057,-122.6584,pier,no,
45.6049,-122.6562,pier,no,
45.6049,-122.6549,pier,no,
45.6049,-122.6539,pier,no,
45.6061,-122.6577,pier,no,B
45.6058,-122.6568,pier,no,D
45.6057,-122.6559,pier,no,F
45.6056,-122.6548,pier,no,H
45.6055,-122.6538,pier,no,J
45.6093,-122.6641,pier,no,
45.6076,-122.6633,pier,no,
45.6064,-122.6633,pier,no,
45.6065,-122.6642,pier,no,
45.6077,-122.6642,pier,no,
45.608,-122.6686,pier,no,
45.6087,-122.6662,pier,no,L
45.6086,-122.6672,pier,no,J
45.6084,-122.6681,pier,no,H
45.6081,-122.6696,pier,no,E
45.608,-122.6707,pier,no,C
45.5103,-122.6724,marina,no,River Place Marina
45.5076,-122.6664,pier,no,
45.4052,-121.4223,pier,no,Boating Pier
45.5051,-122.6648,pier,no,Caruthers Landing
46.2039,-123.9508,pier,no,
46.2034,-123.952,pier,no,Dock B
46.203,-123.9513,pier,no,Dock D
46.1905,-123.9236,pier,no,
46.1699,-123.9149,pier,no,
45.5644,-122.7239,pier,no,
45.5678,-122.7239,pier,no,
45.5701,-122.7202,pier,no,Naval Reserve Pier
45.5647,-122.7097,pier,no,
45.5655,-122.7249,pier,no,
45.5932,-123.9457,pier,no,
45.5563,-123.9208,pier,no,
44.0415,-121.3238,pier,no,
44.6811,-123.9302,pier,no,
45.5606,-122.4437,pier,no,
44.9425,-123.0444,pier,no,
45.3385,-122.6486,pier,no,
46.1814,-123.1829,pier,no,
45.406,-122.7158,pier,no,
45.2937,-122.7607,pier,no,Memorial Park Dock
46.2653,-119.2541,marina,no,Columbia Point Marina
45.5094,-122.6719,pier,no,
45.5961,-122.5901,pier,no,
45.5098,-122.6727,pier,no,
45.7205,-120.2035,pier,no,
44.3745,-121.9979,pier,no,
46.2643,-119.2507,pier,no,
46.2638,-119.2507,pier,no,
46.2652,-119.2534,pier,no,
46.2645,-119.2513,pier,no,
46.2654,-119.2548,pier,no,
46.2653,-119.2561,pier,no,
45.5543,-122.7154,pier,no,
45.5109,-122.8105,pier,no,
45.5122,-122.8056,pier,no,
45.6084,-122.6723,pier,no,
45.3907,-122.6288,slipway,no,Cedaroak Boat Ramp
44.1158,-123.3115,pier,no,
44.1183,-123.3151,pier,no,
44.1193,-123.3168,pier,no,
44.1168,-123.3122,pier,no,
44.1164,-123.3115,pier,no,
44.1128,-123.314,pier,no,
44.1133,-123.3137,pier,no,
44.1154,-123.3119,pier,no,
45.56,-122.4779,pier,no,
45.5599,-122.4787,pier,no,
45.5594,-122.4779,pier,no,
45.4665,-122.6645,pier,no,
45.4198,-122.6562,pier,no,
45.4118,-122.6666,pier,no,
45.411,-122.667,pier,no,
45.4112,-122.6663,pier,no,
45.5202,-122.6699,pier,no,
45.0383,-121.1123,pier,no,
45.5541,-122.4472,pier,no,
45.3943,-122.7713,pier,no,
46.2575,-118.8455,marina,no,
45.9134,-122.8159,pier,no,
45.6559,-122.8431,pier,no,Dock Trail
45.4142,-122.691,pier,no,
45.6085,-122.665,pier,no,
45.6082,-122.6641,pier,no,
45.4239,-122.6577,pier,no,
45.4234,-122.6579,pier,no,
45.4247,-122.6563,pier,no,
45.4242,-122.657,pier,no,
45.3827,-122.7214,pier,no,
45.4172,-122.6572,pier,no,
45.3666,-122.6027,pier,no,
42.9341,-122.1494,pier,no,
42.9764,-122.0882,pier,no,
44.6223,-124.0519,marina,no,South Beach Marina
45.5229,-122.6662,pier,no,Vera Katz Eastbank Esplanade
45.5252,-122.6662,pier,no,
45.5239,-122.666,pier,no,
45.5278,-122.6712,pier,no,
45.5858,-122.7617,pier,no,
45.5882,-122.7654,pier,no,
45.5888,-122.7653,pier,no,
45.6125,-122.6718,pier,no,
45.6122,-122.6712,pier,no,
45.5312,-122.6816,pier,no,
45.556,-123.9132,marina,no,Garibaldi Harbor
45.5135,-122.6689,pier,no,
45.5116,-122.6684,pier,no,Holman Dock
45.5111,-122.6679,slipway,no,
45.4155,-122.6576,pier,no,
45.8275,-122.8367,pier,no,
44.4247,-122.6125,pier,no,
44.4255,-122.6088,pier,no,
44.4251,-122.6093,pier,no,
44.4284,-122.6049,pier,no,
44.1889,-123.1472,slipway,no,
46.1383,-123.2339,pier,no,
43.3462,-124.3261,pier,no,
43.3466,-124.3265,pier,no,H
43.3458,-124.3258,pier,no,G
43.3461,-124.327,pier,no,
43.3456,-124.3272,pier,no,I
43.1207,-124.4113,pier,no,
43.1202,-124.4112,pier,no,
45.92,-119.1637,marina,no,McNary Yacht Club
43.6747,-124.1917,pier,no,Crab Dock
45.3841,-122.7348,pier,no,Stark Community Boat Ramp
46.281,-124.0462,pier,no,
45.6011,-122.6282,pier,no,
45.6019,-122.6284,pier,no,
45.6019,-122.6329,pier,no,
45.6014,-122.6362,pier,no,
45.6012,-122.629,pier,no,
45.6026,-122.6265,pier,no,Breakwater
45.6018,-122.6295,pier,no,
45.6019,-122.6307,pier,no,
45.601,-122.6341,pier,no,
45.6019,-122.6362,pier,no,
45.6018,-122.6264,pier,no,Walk 3
45.6018,-122.6271,pier,no,Walk 5
45.6019,-122.6338,pier,no,
45.602,-122.6348,pier,no,
45.6019,-122.6316,pier,no,
45.4688,-122.6684,pier,no,
45.4699,-122.6684,pier,no,
45.2923,-122.7758,pier,no,
45.4167,-122.6542,slipway,no,
43.9801,-121.805,pier,no,
44.3097,-120.6926,pier,no,
45.688,-123.9016,marina,no,Paradise Cove Marina
46.2324,-119.1625,slipway,no,
46.2314,-119.1918,slipway,no,
46.2385,-119.2191,slipway,no,
46.1138,-123.9413,pier,no,
46.0952,-123.9059,pier,no,Carnahan Park Dock
46.1771,-123.9651,pier,no,
46.1766,-123.9657,pier,no,
46.2025,-123.9513,pier,no,
46.1701,-123.8372,marina,no,
46.1711,-123.8355,pier,no,
46.1963,-123.7974,pier,no,Pier 39
46.2053,-123.7615,pier,no,
46.203,-123.7614,pier,no,
46.2045,-123.7616,pier,no,
46.2015,-123.7608,pier,no,
46.199,-123.7614,pier,no,
46.2002,-123.7597,pier,no,
46.1987,-123.7591,pier,no,
46.1959,-123.7577,pier,no,
46.1973,-123.7584,pier,no,
45.8566,-123.1722,pier,no,
45.8546,-123.1765,pier,no,
43.4008,-124.2841,pier,no,
43.3352,-124.3162,slipway,no,
45.6403,-122.7748,pier,no,
45.7124,-121.5053,pier,no,
45.7128,-121.5057,pier,no,
45.7128,-121.5048,pier,no,
45.7118,-121.504,pier,no,
45.7127,-121.5022,pier,no,
45.7128,-121.4991,pier,no,
45.7131,-121.5019,pier,no,
45.712,-121.5049,pier,no,
45.7132,-121.5053,pier,no,
45.7136,-121.5048,pier,no,
45.7143,-121.5033,pier,no,
44.0989,-121.6253,pier,no,
43.9221,-123.0093,pier,no,
45.178,-121.6971,pier,no,
45.7228,-121.494,pier,no,
45.7232,-121.4936,slipway,no,
43.915,-121.7681,pier,no,
45.6576,-122.7674,slipway,no,
45.0788,-123.4764,pier,no,
46.2956,-122.8053,pier,no,
45.7167,-123.8937,pier,no,public docks
45.7177,-123.8931,pier,no,
46.2057,-123.3869,pier,no,
46.2066,-123.3883,pier,no,
46.2062,-123.3872,pier,no,
46.2068,-123.3868,pier,no,
46.2059,-123.3862,pier,no,
46.2706,-123.9473,pier,no,
46.2699,-123.9479,pier,no,
45.4603,-122.6611,marina,no,Waverly Marina Association
46.203,-123.9524,pier,no,Dock C
45.6404,-121.9409,pier,no,Sternwheeler Pier
45.6718,-121.8913,pier,no,
45.6715,-121.8923,pier,no,
45.9842,-122.8346,pier,no,
46.0429,-122.8759,pier,no,
45.9846,-122.8354,pier,no,
46.0432,-122.8764,pier,no,
46.0436,-122.8759,pier,no,
45.8655,-122.7966,pier,no,
45.8667,-122.7971,pier,no,
45.8681,-122.7971,pier,no,
45.8647,-122.7963,pier,no,
45.8673,-122.7967,pier,no,Fuel Dock
45.8634,-122.7954,pier,no,
45.8672,-122.7976,pier,no,
45.8685,-122.7948,pier,no,
45.8658,-122.7974,pier,no,
45.8711,-122.7949,pier,no,
45.8677,-122.7975,pier,no,
45.6117,-122.6128,pier,no,
45.6119,-122.6112,pier,no,
43.9872,-124.1204,pier,no,
42.0468,-124.2668,pier,no,
44.1638,-122.2604,slipway,no,Bruckart Boat Launch
45.4903,-123.2302,pier,no,Fishing Pier
45.4166,-122.6576,pier,no,
45.4707,-122.6691,pier,no,
45.4683,-122.6687,pier,no,
45.6746,-123.0138,pier,no,
43.8876,-121.4563,pier,no,
43.3172,-122.1922,pier,no,
43.3223,-122.1944,pier,no,
43.3228,-122.1941,pier,no,
43.8466,-121.4585,pier,no,
43.8285,-121.4742,pier,no,
43.8277,-121.4746,pier,no,
43.8272,-121.4744,pier,no,
43.8268,-121.474,pier,no,
43.7993,-121.7587,pier,no,
43.7977,-121.761,pier,no,
43.6946,-121.5009,pier,no,
43.7237,-121.1963,pier,no,
45.9671,-122.4058,pier,no,
45.9679,-122.4062,pier,no,
43.4671,-121.9728,pier,no,
43.7097,-122.4211,pier,no,
43.668,-122.4337,pier,no,
44.8093,-124.0602,pier,no,
44.8086,-124.06,pier,no,
44.8093,-124.0613,pier,no,
44.9271,-124.0195,pier,no,Taft Park Dock
44.9728,-124.0059,pier,no,
44.9722,-124.0058,pier,no,
44.9678,-123.9975,pier,no,
44.9997,-123.9794,slipway,no,
45.9302,-122.7211,pier,no,
45.7091,-122.6574,pier,no,
46.1958,-123.8039,pier,no,
46.1964,-123.8043,pier,no,
46.1969,-123.8016,pier,no,
45.613,-122.6743,pier,no,
45.6096,-122.6688,pier,no,
45.6096,-122.6681,pier,no,
45.6092,-122.672,pier,no,
45.6091,-122.6727,pier,no,
45.6092,-122.671,pier,no,
45.6139,-122.6954,pier,no,
45.6145,-122.6961,pier,no,
45.6137,-122.6944,pier,no,
45.6107,-122.6872,pier,no,
45.6085,-122.6818,pier,no,
45.6087,-122.6828,pier,no,
45.6092,-122.6828,pier,no,
45.6091,-122.6838,pier,no,
45.6096,-122.6839,pier,no,
45.6095,-122.685,pier,no,
45.6101,-122.6853,pier,no,
45.6099,-122.686,pier,no,
45.6102,-122.6871,pier,no,
45.6105,-122.6865,pier,no,
45.6106,-122.688,pier,no,
45.6109,-122.6888,pier,no,
45.6117,-122.6891,pier,no,
45.6122,-122.6906,pier,no,
45.6158,-122.7072,pier,no,
45.6166,-122.7092,pier,no,
45.6098,-122.6914,pier,no,
45.6095,-122.6909,pier,no,
45.6077,-122.6843,pier,no,
45.6072,-122.6841,pier,no,
45.6069,-122.6832,pier,no,
45.6067,-122.6823,pier,no,
45.6067,-122.6808,pier,no,
45.6061,-122.6805,pier,no,
45.6061,-122.6795,pier,no,
45.609,-122.678,pier,no,
45.6095,-122.676,pier,no,
45.609,-122.6773,pier,no,
45.6088,-122.6793,pier,no,
45.6081,-122.6801,pier,no,
45.608,-122.6791,pier,no,7
45.608,-122.678,pier,no,5
45.6082,-122.6769,pier,no,3
45.6084,-122.6763,pier,no,2
45.6086,-122.6757,pier,no,1
45.607,-122.6749,pier,no,
45.6066,-122.6754,pier,no,
45.6076,-122.6747,pier,no,
45.6064,-122.6727,pier,no,
45.6061,-122.6719,pier,no,
45.6058,-122.6711,pier,no,
45.6054,-122.6703,pier,no,
45.6048,-122.6688,pier,no,
45.6045,-122.6682,pier,no,
45.6043,-122.6675,pier,no,
45.6042,-122.6668,pier,no,
45.6041,-122.666,pier,no,
45.604,-122.6725,pier,no,
45.6037,-122.6715,pier,no,
45.6038,-122.6707,pier,no,
45.6036,-122.6699,pier,no,
45.6036,-122.6692,pier,no,
45.6033,-122.668,pier,no,
45.6032,-122.6672,pier,no,
45.6031,-122.6665,pier,no,
45.6027,-122.6657,pier,no,
45.6025,-122.6636,pier,no,
45.6023,-122.663,pier,no,
45.603,-122.6647,pier,no,
45.6025,-122.6624,pier,no,
45.6024,-122.6617,pier,no,
45.6023,-122.6606,pier,no,
45.602,-122.6598,pier,no,
45.6021,-122.6591,pier,no,
45.6016,-122.6557,pier,no,
45.602,-122.6577,pier,no,
45.6019,-122.6565,pier,no,
45.6017,-122.6547,pier,no,
45.6016,-122.6536,pier,no,
45.6016,-122.6526,pier,no,
45.6016,-122.6516,pier,no,
45.6016,-122.6585,pier,no,
45.6011,-122.6543,pier,no,
45.6011,-122.6526,pier,no,
45.6039,-122.6639,pier,no,
45.6036,-122.6625,pier,no,
45.6038,-122.6648,pier,no,
45.6036,-122.6614,pier,no,
45.6033,-122.6602,pier,no,
45.6033,-122.6595,pier,no,
45.6032,-122.6587,pier,no,
45.6033,-122.6575,pier,no,
46.0537,-122.2925,pier,no,
45.8147,-122.7484,pier,no,
45.8125,-122.7456,pier,no,
45.8134,-122.7471,pier,no,
45.814,-122.748,pier,no,
45.815,-122.749,pier,no,
45.8154,-122.7497,pier,no,
45.816,-122.7502,pier,no,
46.0074,-122.8481,pier,no,
46.0088,-122.8484,pier,no,
46.0081,-122.848,pier,no,
46.0071,-122.8475,pier,no,
46.0066,-122.8473,pier,no,
45.7074,-122.7224,pier,no,
45.7093,-122.7231,pier,no,
45.7077,-122.7219,pier,no,
45.6472,-122.7579,pier,no,Berth 601
45.6424,-122.7709,pier,no,
45.6401,-122.776,pier,no,
45.6385,-122.778,pier,no,
45.6422,-122.7723,pier,no,
45.6429,-122.7711,pier,no,
45.6415,-122.7735,pier,no,
45.629,-122.7869,pier,no,
45.6285,-122.7866,pier,no,
45.6256,-122.788,pier,no,
45.6254,-122.7874,pier,no,
45.6262,-122.7873,pier,no,
45.6229,-122.7876,pier,no,
45.6149,-122.7863,pier,no,
45.6132,-122.7853,pier,no,
45.6108,-122.7827,pier,no,
45.6097,-122.7827,pier,no,
45.6069,-122.781,pier,no,
45.6047,-122.7795,pier,no,
45.6015,-122.7764,pier,no,Berth 410
45.5984,-122.7752,pier,no,
45.5952,-122.7726,pier,no,
45.5932,-122.7709,pier,no,
45.644,-122.725,pier,no,
45.6428,-122.7228,pier,no,
45.6434,-122.7235,pier,no,
45.6428,-122.7217,pier,no,
45.6309,-122.6955,pier,no,
45.6296,-122.6927,pier,no,
45.6259,-122.6863,pier,no,
45.8686,-122.7941,pier,no,
45.6198,-122.692,pier,no,
45.6203,-122.692,pier,no,
44.0634,-121.3598,pier,no,
45.9094,-122.8156,pier,no,
45.8954,-122.808,pier,no,
45.9134,-122.815,pier,no,
46.1895,-123.8554,marina,no,West Mooring Basin
46.1904,-123.8567,pier,no,
46.1889,-123.8555,pier,no,
46.1761,-123.6705,pier,no,
46.1083,-122.9744,pier,no,
46.1714,-123.6573,pier,no,
46.1885,-123.8583,pier,no,
46.1719,-123.6631,pier,no,
46.1714,-123.6564,pier,no,
46.1759,-123.676,pier,no,
46.1721,-123.6619,pier,no,
46.1754,-123.6788,pier,no,
46.174,-123.6826,pier,no,
46.1721,-123.6602,pier,no,
46.1727,-123.6545,pier,no,
46.1899,-123.8602,pier,no,
46.1904,-123.8593,pier,no,
46.1904,-123.7471,pier,no,
46.1899,-123.8568,pier,no,
46.1742,-123.6517,pier,no,
46.173,-123.654,pier,no,
46.1719,-123.6587,pier,no,
46.1719,-123.664,pier,no,
46.1899,-123.7459,pier,no,
46.1721,-123.6609,pier,no,
46.1079,-122.9736,pier,no,
46.1906,-123.8573,pier,no,
46.1899,-123.8545,pier,no,
45.9942,-123.9244,pier,no,
46.1961,-123.798,pier,no,
46.1971,-123.7827,pier,no,
45.4294,-122.8326,pier,no,
45.6741,-122.6997,pier,no,
45.5776,-122.3823,pier,no,
45.5778,-122.3801,pier,no,
45.5779,-122.3792,pier,no,
45.5776,-122.3815,pier,no,
45.577,-122.3808,pier,no,
45.5773,-122.38,pier,no,
45.5773,-122.3785,pier,no,
45.578,-122.3827,pier,no,
45.8962,-122.7504,pier,no,
45.8996,-122.7445,pier,no,
45.8997,-122.7431,pier,no,
45.8997,-122.742,pier,no,
45.8956,-122.7502,pier,no,
45.8984,-122.7498,pier,no,
45.8993,-122.7467,pier,no,
45.8921,-122.7451,pier,no,
45.8979,-122.7501,pier,no,
45.8967,-122.7504,pier,no,
45.9392,-122.7843,pier,no,
45.893,-122.7897,pier,no,
45.9855,-122.8361,pier,no,
46.0177,-122.8567,pier,no,
46.014,-122.8529,pier,no,
46.0148,-122.8539,pier,no,
46.2956,-122.7915,pier,no,
46.2951,-122.7885,pier,no,
46.2949,-122.7896,pier,no,
46.2971,-122.7923,pier,no,
46.2952,-122.7906,pier,no,
46.2955,-122.7874,pier,no,
46.296,-122.7877,pier,no,
45.8624,-122.7628,pier,no,
45.8619,-122.7644,pier,no,
46.1901,-123.9233,pier,no,
45.5752,-122.3547,pier,no,
45.6141,-122.6267,pier,no,
45.5573,-123.9048,pier,no,
45.5583,-123.905,pier,no,
45.6289,-122.8189,pier,no,
45.6278,-122.8177,pier,no,
45.6252,-122.8149,pier,no,
45.656,-122.846,pier,no,
45.6223,-122.8105,pier,no,
45.6191,-122.804,pier,no,
45.6238,-122.8129,pier,no,
45.6316,-122.8208,pier,no,
45.6267,-122.817,pier,no,
45.6308,-122.8203,pier,no,
45.6194,-122.8046,pier,no,
45.6207,-122.8082,pier,no,
45.6184,-122.8042,pier,no,
45.6191,-122.803,pier,no,
45.6314,-122.8202,pier,no,
45.62,-122.8062,pier,no,
45.6262,-122.8163,pier,no,
45.7422,-122.8699,pier,no,
45.7677,-122.8164,pier,no,
45.7491,-122.7712,pier,no,
45.7496,-122.7711,pier,no,
45.699,-122.7609,pier,no,
45.6947,-122.7623,pier,no,
45.6972,-122.7615,pier,no,
45.7014,-122.7607,pier,no,
45.6998,-122.7607,pier,no,
45.6957,-122.762,pier,no,
45.8849,-122.8054,pier,no,
45.8855,-122.8056,pier,no,
45.8936,-122.8072,pier,no,
44.558,-121.9316,pier,no,
46.0899,-122.9316,pier,no,
46.0896,-122.9309,pier,no,
46.0893,-122.9289,pier,no,
46.0901,-122.9323,pier,no,
46.0908,-122.9334,pier,no,
46.0904,-122.9329,pier,no,
45.8724,-122.7988,pier,no,
45.8708,-122.7986,pier,no,
45.8703,-122.7987,pier,no,
45.8758,-122.8002,pier,no,
45.6082,-122.5968,pier,no,
45.6079,-122.5948,pier,no,
45.6087,-122.6001,pier,no,
45.608,-122.5961,pier,no,
45.6076,-122.5941,pier,no,
45.6092,-122.5998,pier,no,
45.6074,-122.5952,pier,no,
45.6073,-122.5932,pier,no,
45.6123,-122.6117,pier,no,
45.604,-122.4084,pier,no,
45.5155,-122.6726,pier,no,Portland Spirit Dock
45.607,-122.6597,pier,no,
45.6011,-122.6494,pier,no,
45.6012,-122.6455,pier,no,
45.6063,-122.6599,pier,no,
45.607,-122.6607,pier,no,
45.6011,-122.6503,pier,no,
45.6011,-122.6479,pier,no,
45.601,-122.6467,pier,no,
45.6068,-122.659,pier,no,
45.6074,-122.659,pier,no,
45.6012,-122.6487,pier,no,
45.6079,-122.6608,pier,no,
42.1591,-122.6161,slipway,no,
42.1576,-122.6164,slipway,no,
44.1148,-123.2804,pier,no,
44.1144,-123.2798,pier,no,
45.8468,-122.8005,pier,no,
45.728,-122.8605,pier,no,
45.7349,-122.8536,pier,no,
45.7271,-122.861,pier,no,
45.7337,-122.8557,pier,no,
45.7342,-122.8547,pier,no,
45.7288,-122.8601,pier,no,
45.7351,-122.8525,pier,no,
45.7312,-122.8592,pier,no,
45.7266,-122.862,pier,no,
45.7353,-122.8518,pier,no,
45.7301,-122.859,pier,no,
45.7354,-122.8506,pier,no,
45.7254,-122.8617,pier,no,
45.7261,-122.8616,pier,no,
45.7321,-122.8575,pier,no,
45.7678,-122.8191,pier,no,
45.7258,-122.8623,pier,no,
44.631,-124.05,pier,no,
44.6305,-124.0442,pier,no,
44.6303,-124.0414,pier,no,
44.6296,-124.0407,pier,no,
44.631,-124.0438,pier,no,
44.6288,-124.0406,pier,no,
44.6312,-124.0479,pier,no,
44.6295,-124.042,pier,no,
44.6316,-124.0469,pier,no,
44.6299,-124.0417,pier,no,
44.6235,-124.0522,pier,no,Dock H
44.6216,-124.0519,pier,no,Dock C
44.6206,-124.0506,pier,no,
44.626,-124.0491,pier,no,NOAA Pier
44.6243,-124.0523,pier,no,
44.6208,-124.0519,pier,no,Dock A
46.0386,-122.8722,pier,no,
46.0378,-122.8731,pier,no,
46.039,-122.8708,pier,no,
46.0382,-122.8728,pier,no,
46.0388,-122.8715,pier,no,
45.046,-116.8159,pier,no,
45.0469,-116.8143,pier,no,
45.5885,-122.1462,pier,no,
45.5442,-122.2479,pier,no,
45.5442,-122.2471,pier,no,
45.5443,-122.2464,pier,no,
46.2814,-124.0468,pier,no,
46.2854,-124.0515,pier,no,
46.1906,-123.8527,pier,no,Cannery Pier
46.1957,-123.8029,marina,no,East Mooring Basin
46.1876,-123.8607,pier,no,
46.1917,-123.8381,pier,no,
46.1917,-123.8388,pier,no,
46.1915,-123.8423,pier,no,
46.1917,-123.8398,pier,no,
46.1907,-123.8321,pier,no,Pier 11
46.1904,-123.8304,pier,no,Pier 12
46.1902,-123.8294,pier,no,
46.1931,-123.8112,pier,no,
46.1898,-123.8258,pier,no,
46.1899,-123.8284,pier,no,
46.19,-123.8273,pier,no,
45.5779,-122.3854,pier,no,
45.5598,-122.4714,pier,no,
45.559,-122.4619,pier,no,
45.559,-122.4657,pier,no,
45.5598,-122.4746,pier,no,
45.5587,-122.461,pier,no,
45.5596,-122.4704,pier,no,
45.5599,-122.4723,pier,no,
45.5591,-122.4666,pier,no,
45.5582,-122.4611,pier,no,
45.5592,-122.4712,pier,no,
45.5593,-122.4675,pier,no,
45.5593,-122.4726,pier,no,
45.5591,-122.4691,pier,no,
45.559,-122.4627,pier,no,
45.5586,-122.4631,pier,no,
45.56,-122.4733,pier,no,
45.5593,-122.4748,pier,no,
45.4465,-122.787,dock,no,
43.679,-124.1818,pier,no,Dock #6
43.6799,-124.1819,pier,no,Dock #8
43.6773,-124.1816,pier,no,Dock #3
43.6766,-124.1815,pier,no,Dock #1
43.6823,-124.1817,pier,no,
43.6761,-124.1778,pier,no,G Dock
43.6817,-124.1792,pier,no,
43.6781,-124.1772,pier,no,D Dock
43.6802,-124.1767,pier,no,A Dock
43.6796,-124.1757,pier,no,
43.6809,-124.1791,pier,no,Bait Dock
43.6794,-124.1814,pier,no,
43.6767,-124.1808,pier,no,
43.6789,-124.1788,pier,no,
43.6794,-124.179,pier,no,
43.6787,-124.1825,pier,no,
43.6774,-124.1808,pier,no,
43.6775,-124.1824,pier,no,
43.6798,-124.1827,pier,no,
43.6823,-124.1832,pier,no,Fuel Dock
43.6769,-124.1823,pier,no,
43.6788,-124.1811,pier,no,
43.6815,-124.1814,pier,no,
43.6794,-124.1822,pier,no,
43.6768,-124.1776,pier,no,F Dock
43.6815,-124.1825,pier,no,
43.6799,-124.1791,pier,no,
43.68,-124.1812,pier,no,
43.9672,-124.1028,pier,no,
43.9663,-124.1051,pier,no,
43.9675,-124.1017,pier,no,
44.0077,-124.1316,pier,no,
43.9678,-124.1004,pier,no,G Dock
46.1276,-122.9886,pier,no,
45.6074,-122.6791,pier,no,
45.6062,-122.6554,marina,no,Tomahawk Bay Marina
45.4754,-122.6612,pier,no,
45.6064,-122.6582,pier,no,A
45.6079,-122.6715,pier,no,A
45.6057,-122.6527,pier,no,L
45.5108,-122.6729,pier,no,C
45.5399,-122.6889,pier,no,
45.537,-122.678,pier,no,
45.5353,-122.6753,pier,no,
45.9852,-122.5291,pier,no,
45.985,-122.5283,pier,no,
45.6454,-122.7328,pier,no,
45.639,-122.712,pier,no,
45.6462,-122.7347,pier,no,
45.6364,-122.7061,pier,no,
45.6369,-122.7072,pier,no,
45.6404,-122.715,pier,no,Berth 10
45.6457,-122.7338,pier,no,Berth 17
45.6315,-122.6966,pier,no,Berth 1
45.6324,-122.6982,pier,no,Berth 2
45.6332,-122.6998,pier,no,Berth 3
45.634,-122.7013,pier,no,Berth 4
45.6349,-122.7029,pier,no,Berth 5
45.6376,-122.7085,pier,no,Berth 8
45.6385,-122.7106,pier,no,Berth 9
44.6222,-124.0546,pier,no,
45.5555,-123.9129,pier,no,A-B Docks
45.5565,-123.9143,pier,no,
45.5572,-123.9124,pier,no,
45.5566,-123.9118,pier,no,G Dock
45.5577,-123.9123,pier,no,
45.5562,-123.9138,pier,no,
46.168,-123.9198,pier,no,
46.1694,-123.9149,pier,no,
46.166,-123.9159,pier,no,
46.1658,-123.9185,pier,no,
46.1685,-123.9177,pier,no,
46.1662,-123.9223,pier,no,
46.1653,-123.9173,pier,no,
46.1686,-123.9168,pier,no,
46.1684,-123.9188,pier,no,
46.1678,-123.9141,pier,no,
46.169,-123.9158,pier,no,
46.1671,-123.9169,pier,no,
46.1715,-123.914,pier,no,
46.166,-123.917,pier,no,
46.1665,-123.9191,pier,no,
46.1671,-123.9221,pier,no,
46.1686,-123.9139,pier,no,
46.1656,-123.9213,pier,no,
46.1672,-123.9149,pier,no,
46.1665,-123.9168,pier,no,
45.4204,-122.6562,pier,no,
45.739,-122.6077,pier,no,
45.7143,-122.8688,pier,no,
45.7004,-122.8691,pier,no,
45.7052,-122.8683,pier,no,
45.7019,-122.8659,pier,no,
45.7198,-122.8658,pier,no,
45.7025,-122.8685,pier,no,
45.7132,-122.8692,pier,no,
45.6939,-122.8697,pier,no,
45.7201,-122.8664,pier,no,
45.6971,-122.8694,pier,no,
45.7079,-122.8682,pier,no,
45.7113,-122.869,pier,no,
45.7045,-122.8678,pier,no,
45.7011,-122.8688,pier,no,
45.7119,-122.869,pier,no,
45.9714,-122.3846,pier,no,
44.3726,-121.8672,pier,no,
44.3713,-121.8678,pier,no,
44.3718,-121.8675,pier,no,
46.1684,-123.0495,pier,no,
46.1676,-123.0486,pier,no,
46.1723,-123.0569,pier,no,
46.1733,-123.0847,pier,no,
46.1727,-123.0609,pier,no,
46.1711,-123.0543,pier,no,
46.1726,-123.059,pier,no,
46.172,-123.056,pier,no,
46.1729,-123.0628,pier,no,
46.1716,-123.0548,pier,no,
46.1729,-123.0644,pier,no,
46.1726,-123.0581,pier,no,
46.169,-123.0503,pier,no,
46.1704,-123.0526,pier,no,
46.1701,-123.0518,pier,no,
46.1361,-123.0017,pier,no,
46.1036,-122.9496,pier,no,
46.0995,-122.9387,pier,no,Port of Longview
46.1049,-122.9527,pier,no,
46.0986,-122.9351,pier,no,
46.1077,-122.959,pier,no,
46.1082,-122.9597,pier,no,
45.2929,-122.7628,pier,no,
45.4598,-122.6607,pier,no,
45.4607,-122.6605,pier,no,
45.4613,-122.6618,pier,no,
45.4617,-122.6614,pier,no,
45.4626,-122.6627,pier,no,
45.462,-122.6621,pier,no,
45.4624,-122.6618,pier,no,
45.6237,-122.6811,pier,no,Grant Street Pier
45.6034,-122.6635,pier,no,
44.0524,-123.0779,slipway,no,
44.0476,-123.0433,slipway,no,
46.217,-119.1148,pier,no,
46.2163,-119.1156,pier,no,
46.2163,-119.1149,pier,no,
46.2164,-119.1114,pier,no,
43.6496,-123.8389,slipway,no,Boat Launch
43.596,-123.8469,slipway,no,
43.5836,-123.8323,pier,no,
43.5842,-123.8267,slipway,no,
43.5833,-123.8411,pier,no,
45.5874,-122.7707,pier,no,
45.5894,-122.7727,pier,no,
45.5927,-122.777,pier,no,
45.5944,-122.7785,pier,no,
45.5816,-122.7632,pier,no,Survey Vessel Pier
45.6094,-122.7892,pier,no,
45.6127,-122.791,pier,no,
45.6043,-122.7863,pier,no,
45.566,-122.7376,pier,no,
45.5698,-122.7402,pier,no,
45.5711,-122.7418,pier,no,
45.565,-122.7341,pier,no,
45.5673,-122.7392,pier,no,
45.5723,-122.7435,pier,no,
45.5639,-122.7329,pier,no,
45.5663,-122.7395,pier,no,
45.5615,-122.7294,pier,no,
45.5635,-122.7321,pier,no,
45.5666,-122.7384,pier,no,
45.5601,-122.7286,pier,no,
45.5587,-122.727,pier,no,
45.5591,-122.7264,pier,no,
45.5685,-122.7227,pier,no,
45.5643,-122.7135,pier,no,
45.5626,-122.7104,pier,no,
45.5636,-122.7123,pier,no,
45.5667,-122.7229,pier,no,
45.5631,-122.7113,pier,no,
45.6349,-122.7409,pier,no,
45.6339,-122.7395,pier,no,Berth 607
44.4099,-122.6637,pier,no,
46.2189,-123.4635,pier,no,
45.7086,-122.7222,marina,no,Felida Moorage and Marine Servic
45.417,-122.6644,pier,no,
45.4165,-122.6643,pier,no,
46.0187,-122.8749,pier,no,
46.0103,-122.8737,pier,no,
46.0168,-122.8741,pier,no,
46.0164,-122.8737,pier,no,
46.0152,-122.8736,pier,no,
46.0159,-122.8738,pier,no,
44.6168,-123.9377,pier,no,
44.6176,-123.9374,pier,no,
44.6185,-123.9378,pier,no,
44.6192,-123.9383,pier,no,
45.3984,-122.7848,pier,no,
45.5784,-123.9493,pier,no,
45.5774,-122.3887,pier,no,
45.577,-122.3645,pier,no,
45.5797,-122.4163,pier,no,
45.5807,-122.4121,pier,no,
45.5832,-122.4779,pier,no,
45.5856,-122.4931,pier,no,
45.5855,-122.4922,pier,no,
45.5846,-122.4879,pier,no,
45.5843,-122.484,pier,no,
45.5861,-122.4959,pier,no,
45.5905,-122.5177,pier,no,
45.5914,-122.5221,pier,no,
45.5928,-122.5296,pier,no,
45.593,-122.531,pier,no,
45.5932,-122.5316,pier,no,
45.5993,-122.5536,pier,no,
45.6006,-122.5587,pier,no,
45.6014,-122.562,pier,no,
45.6016,-122.5629,pier,no,
45.6018,-122.5653,pier,no,
45.6042,-122.5753,pier,no,
45.6049,-122.5794,pier,no,
45.6055,-122.5804,slipway,no,
45.6197,-122.6677,slipway,no,
45.6477,-122.7408,pier,no,
45.6475,-122.7396,pier,no,
45.6503,-122.7473,pier,no,
45.5835,-122.5155,pier,no,
45.5815,-122.5049,pier,no,
45.5783,-122.4845,pier,no,
45.5627,-122.4302,pier,no,
44.6731,-121.2333,pier,no,
43.5578,-116.6476,pier,no,
43.5573,-116.6471,pier,no,
43.5608,-116.6605,pier,no,
44.5875,-121.3767,pier,no,
44.5877,-121.3777,pier,no,
44.5872,-121.3761,pier,no,
44.5629,-121.2665,pier,no,
44.5627,-121.2659,pier,no,
44.562,-121.2668,pier,no,
44.5612,-121.2663,pier,no,
44.562,-121.266,pier,no,
44.5479,-121.2797,pier,no,
44.548,-121.2789,pier,no,
45.6686,-123.9255,pier,no,
45.7183,-123.8929,pier,no,
45.716,-123.8937,pier,no,
45.7155,-123.8935,pier,no,
42.5296,-121.9296,slipway,no,
45.8216,-122.7538,pier,no,
44.049,-116.9739,slipway,no,
44.6673,-119.6537,pier,no,
45.2547,-122.8835,pier,no,
44.5016,-118.1839,slipway,no,
43.8761,-116.9848,slipway,no,
45.5688,-122.5331,pier,no,
45.6678,-121.897,pier,no,
45.6889,-121.4212,pier,no,
43.727,-124.1113,pier,no,Gardner Dock
43.9208,-122.7963,pier,no,
43.6226,-117.2398,slipway,no,Gordan Gulch Boat Ramp
42.4437,-121.8696,pier,no,
45.5499,-122.4384,pier,no,
45.6248,-123.9418,pier,no,
45.6271,-123.9394,pier,no,
42.0514,-124.2685,pier,no,
42.0506,-124.2689,pier,no,D
42.0499,-124.2682,pier,no,
42.05,-124.2688,pier,no,B
42.046,-124.2655,pier,no,
42.0445,-124.2647,pier,no,N
42.045,-124.2652,pier,no,O
42.045,-124.2645,pier,no,
42.0449,-124.2665,pier,no,
42.0459,-124.267,pier,no,J
42.0455,-124.2667,pier,no,I
42.0446,-124.266,pier,no,F
42.0441,-124.2656,pier,no,D
42.044,-124.2647,pier,no,
45.4108,-122.6873,pier,no,
45.4066,-122.6982,pier,no,
45.4154,-122.6823,pier,no,
46.2015,-123.3871,pier,no,
46.1997,-123.385,pier,no,
46.201,-123.3865,pier,no,
43.6796,-117.0845,pier,no,
45.3122,-123.9616,pier,no,
44.5698,-124.0058,pier,no,
43.6919,-122.0436,slipway,no,Shadow Bay Boat Launch
43.7602,-122.0061,slipway,no,North Waldo Boat Launch
43.7486,-122.0098,slipway,no,Islet Boat Launch
44.8162,-121.0954,slipway,no,Trout Creek Boat Launch
44.4189,-121.7555,pier,no,
46.2032,-123.9502,marina,no,Hammond Marina
43.7907,-117.0292,pier,no,
45.3921,-120.8817,slipway,no,
42.0516,-124.2696,pier,no,
43.8527,-117.0194,slipway,no,
42.3934,-122.3155,pier,no,
43.1355,-124.1833,harbour,no,dock
45.8433,-119.7108,pier,no,
46.1706,-123.8208,pier,no,
45.7077,-122.7716,pier,no,
44.7357,-122.158,marina,no,Kane's Marina
44.7347,-122.1587,pier,no,
44.7353,-122.1585,pier,no,
44.7362,-122.1578,pier,no,
44.7368,-122.1574,pier,no,
44.7394,-122.1516,marina,no,Detroit Lake Marina
44.7403,-122.1512,pier,no,
44.7399,-122.1518,pier,no,
44.7395,-122.1524,pier,no,
44.7396,-122.1507,pier,no,
44.7387,-122.1518,pier,no,
44.3047,-120.8429,pier,no,Stryker Pier
43.9234,-122.8001,pier,no,O.A.R/ UO /SERC Dock
43.921,-122.797,pier,no,
44.6267,-124.0363,pier,no,
44.6031,-124.0106,pier,no,
44.5981,-124.0101,pier,no,
44.5974,-124.011,pier,no,
44.5958,-124.012,pier,no,
44.5947,-124.0122,pier,no,
43.1402,-122.137,pier,no,
43.1759,-122.1381,pier,no,
43.1766,-122.1387,pier,no,
46.1526,-123.0382,pier,no,
45.432,-122.6507,pier,no,
45.4329,-122.6506,pier,no,
45.4335,-122.6509,pier,no,
45.4333,-122.6473,pier,no,
45.3997,-122.6416,pier,no,
45.364,-122.603,pier,no,
45.3636,-122.6027,pier,no,
45.3622,-122.6039,pier,no,
45.3628,-122.6031,pier,no,
45.3602,-122.6089,pier,no,
45.3599,-122.6094,pier,no,
45.351,-122.6199,pier,no,
46.2371,-116.6269,pier,no,
46.2365,-116.6264,pier,no,
46.2351,-116.6241,pier,no,
46.2346,-116.6249,pier,no,
46.2343,-116.6235,pier,no,
46.2339,-116.6225,pier,no,
46.236,-116.6181,pier,no,
46.2372,-116.6192,pier,no,
46.2371,-116.6218,pier,no,
43.582,-122.0392,marina,no,Shelter Cove Marina
43.783,-122.924,slipway,no,
43.3673,-124.212,pier,no,
43.3659,-124.212,pier,no,
43.7728,-122.9373,pier,no,
45.6012,-121.1733,pier,no,
45.6007,-121.1712,pier,no,
45.6007,-121.1721,pier,no,
45.6012,-121.1725,pier,no,
45.6011,-121.1718,pier,no,
45.7211,-120.2037,pier,no,
45.723,-120.2051,pier,no,
45.7228,-120.2058,pier,no,
45.9252,-119.3309,pier,no,
45.9256,-119.3306,pier,no,
45.9256,-119.3295,pier,no,
45.9257,-119.3286,pier,no,
45.9261,-119.3282,pier,no,
45.2854,-117.2137,marina,yes,Wallowa Lake Marina
44.6302,-124.0522,pier,no,Port Dock One
44.9699,-124.0083,pier,no,
44.6258,-124.0471,pier,no,NOAA - Small Boat Pier
44.6254,-124.0445,pier,no,
44.6245,-124.0431,pier,no,
43.359,-124.0743,pier,no,
43.3599,-124.0759,pier,no,
44.1811,-121.4559,pier,no,
44.7317,-122.1668,pier,no,
44.7292,-122.1733,pier,no,
44.7286,-122.1733,pier,no,
44.8083,-124.0609,pier,no,
44.8104,-124.0608,pier,no,
45.5974,-123.1557,pier,no,
45.6913,-123.8819,marina,no,Wheeler Marina
45.6921,-123.8821,pier,no,
45.691,-123.8826,pier,no,
45.7045,-120.6012,pier,no,
45.7066,-120.6013,pier,no,
45.6065,-123.0088,pier,no,
45.0789,-123.048,pier,no,
45.6112,-122.7902,pier,no,
45.6144,-122.7921,pier,no,
45.619,-123.1442,pier,no,
45.6198,-123.1447,pier,no,
45.6202,-122.8781,pier,no,
44.0545,-123.2895,pier,no,
44.0541,-123.3008,pier,no,
44.0799,-123.3089,pier,no,
44.0801,-123.3083,pier,no,
44.0798,-123.3077,pier,no,
44.0796,-123.3083,pier,no,
44.0796,-123.3068,pier,no,
44.121,-123.3034,slipway,no,
44.1149,-123.3123,pier,no,
44.121,-123.3085,pier,no,
45.6241,-123.0591,pier,no,
45.6243,-123.0597,pier,no,
44.0805,-123.2797,pier,no,
44.0801,-123.2771,pier,no,
44.0822,-123.3386,pier,no,
44.0832,-123.338,pier,no,
44.0989,-123.2715,dock,no,
44.1044,-123.2769,pier,no,
45.6294,-122.9084,pier,no,
45.6391,-122.9668,pier,no,
45.6363,-123.1623,pier,no,
45.6439,-123.0353,pier,no,
43.6814,-123.9375,pier,no,
43.6807,-123.9385,pier,no,
43.681,-123.9394,pier,no,
43.6815,-123.9399,pier,no,
43.6817,-123.9406,pier,no,
45.6661,-122.9888,pier,no,
45.6739,-123.0118,pier,no,
45.6803,-122.9534,pier,no,
45.6837,-123.0696,pier,no,
45.6822,-123.1833,dock,no,
45.685,-123.1925,dock,no,
45.6892,-123.2263,dock,no,
44.2394,-116.9709,slipway,no,
43.9495,-122.8447,slipway,no,
44.0726,-122.9653,slipway,no,
44.0786,-122.9991,slipway,yes,Rodakowski Landing
44.2421,-116.9639,dock,no,
43.9163,-122.8115,pier,no,
44.6413,-123.0685,pier,no,
44.1926,-116.9518,slipway,no,
44.3673,-121.7166,pier,no,
44.1352,-120.8145,pier,no,
45.6915,-122.9378,pier,no,
45.7156,-121.5114,pier,no,
45.7126,-121.5109,pier,no,
42.6988,-123.9342,pier,no,
44.8529,-123.1818,slipway,no,
45.2856,-117.2131,pier,no,
44.1123,-123.3158,pier,no,
44.1155,-123.313,marina,no,Richardson Point
43.396,-124.2543,pier,no,
42.2391,-122.4102,pier,no,
42.3771,-122.211,pier,no,
44.8036,-121.7816,pier,no,Olallie Lake Peninsula Dock
43.9996,-123.6898,slipway,yes,Linslaw Park Boat Ramp
44.0058,-124.0066,pier,no,
44.015,-123.9397,slipway,yes,
43.1635,-124.3614,slipway,no,Rocky Point Boat Ramp
43.8564,-124.1448,slipway,no,Carter Lake Boat Ramp
43.804,-124.1477,slipway,no,
43.6041,-124.1762,slipway,no,
43.4482,-124.2048,slipway,no,
43.4484,-124.2037,pier,no,
43.3805,-124.218,pier,no,
43.3794,-124.2166,pier,no,U.S. Army Corps of Engineers - C
44.4135,-122.6259,slipway,no,
46.2748,-119.2697,pier,no,
46.28,-119.2708,pier,no,
45.5771,-122.3939,pier,no,
45.5781,-122.3844,pier,no,
45.5769,-122.3892,pier,no,
44.0525,-123.0827,pier,no,EWEB Water Intake
45.7129,-121.7895,pier,no,
45.7132,-121.7884,pier,no,
43.829,-121.8385,pier,no,
44.6264,-124.0562,pier,no,Baystreet Pier
44.916,-123.0151,pier,no,
44.9156,-123.0158,pier,no,
44.4247,-122.6267,slipway,no,
44.4254,-122.6252,pier,no,
44.8721,-123.9222,slipway,no,
45.5666,-122.7144,pier,no,
45.5671,-122.7151,pier,no,
45.5682,-122.717,pier,no,
45.5689,-122.7183,pier,no,
45.5686,-122.7176,pier,no,Fred Devine Diving and Salvage D
45.5705,-122.7222,pier,no,
45.4708,-123.0045,dock,no,
44.9919,-123.9956,pier,no,
44.9917,-123.9964,pier,no,
44.0796,-123.3222,pier,no,
44.0791,-123.3231,pier,no,
45.616,-121.1368,pier,no,
45.6168,-121.1358,pier,no,
44.3223,-120.8962,pier,no,
44.3206,-120.8972,pier,no,
45.6012,-122.6264,pier,no,Head Walk
45.6019,-122.6256,pier,no,Walk 1
46.2177,-119.1088,pier,no,
46.2179,-119.1108,pier,no,
46.2166,-119.1095,pier,no,ANT Kennewick
46.2165,-119.1105,pier,no,
46.216,-119.1106,pier,no,
46.216,-119.1117,pier,no,
44.6857,-121.2381,pier,no,
44.6863,-121.2367,pier,no,
44.6851,-121.2392,pier,no,
44.6843,-121.2403,pier,no,
45.1148,-122.9352,pier,no,
44.1999,-121.9098,pier,no,
43.837,-121.4618,slipway,no,
42.1518,-122.6201,pier,no,
44.0494,-121.3193,pier,no,
46.2077,-123.7685,pier,no,Tongue Point Pier
45.4774,-122.7583,pier,no,
42.0551,-123.1166,pier,no,
45.471,-122.7666,pier,no,
46.1533,-123.8347,pier,no,
45.8974,-122.7503,pier,no,
44.1045,-123.0963,pier,no,
46.1911,-123.8338,pier,no,
42.427,-124.4243,pier,no,Coast Guard
43.12,-124.4123,pier,no,
44.0801,-123.1555,pier,no,
44.8133,-121.7893,pier,no,
46.1685,-123.2349,pier,no,
46.1683,-123.1042,pier,no,
46.1672,-123.0994,pier,no,
45.2866,-117.2148,pier,no,
45.5038,-122.663,slipway,no,
45.5034,-122.6638,pier,no,
44.0062,-124.0878,slipway,no,
43.1205,-124.4107,pier,no,
46.2695,-123.4552,pier,no,
45.6914,-121.8819,pier,no,Stevenson Landing
45.6629,-122.7712,pier,no,
45.6045,-121.1827,pier,no,
45.8437,-122.8035,pier,no,
45.7596,-122.8221,pier,no,
45.7592,-122.8218,pier,no,
45.7588,-122.8225,pier,no,
45.7603,-122.8211,pier,no,
45.7615,-122.8205,pier,no,
45.8105,-122.828,pier,no,
42.049,-124.2694,pier,no,
42.0481,-124.2674,pier,no,
42.0453,-124.2659,marina,no,Port of Brookings Harbor Basin I
42.0462,-124.2676,pier,no,
42.429,-124.4149,slipway,no,
42.4287,-124.4154,pier,no,
42.42,-124.4228,slipway,no,
42.4209,-124.4215,pier,no,
42.4209,-124.4201,pier,no,
42.4214,-124.4199,pier,no,
42.4219,-124.4185,pier,no,
42.4223,-124.4189,pier,no,
43.1205,-124.4146,slipway,no,
43.1208,-124.4137,pier,no,
43.1211,-124.4179,pier,no,
43.3659,-124.1777,pier,no,
43.369,-124.2117,pier,no,
43.3695,-124.2114,pier,no,
43.3684,-124.2117,pier,no,
43.3708,-124.2111,pier,no,
43.3722,-124.2109,pier,no,
43.3717,-124.2108,pier,no,
43.3766,-124.2129,pier,no,
43.376,-124.2122,pier,no,
43.3822,-124.2194,pier,no,
43.3831,-124.22,pier,no,
43.3837,-124.2202,pier,no,
43.3846,-124.2201,pier,no,
43.385,-124.2206,pier,no,
43.387,-124.22,pier,no,
43.3864,-124.2202,pier,no,
43.3876,-124.2199,pier,no,
43.3883,-124.2196,pier,no,
43.3905,-124.219,pier,no,
43.3897,-124.2191,pier,no,
43.3888,-124.2193,pier,no,
43.3911,-124.2189,pier,no,Tyree Oil
43.403,-124.2193,pier,no,
43.4034,-124.2196,pier,no,
43.4045,-124.2199,pier,no,
43.4055,-124.2206,pier,no,
43.4177,-124.2183,pier,no,
43.4136,-124.2199,slipway,no,
43.4256,-124.2546,pier,no,
43.4253,-124.2553,pier,no,
43.4246,-124.2601,pier,no,
43.4247,-124.2592,pier,no,
43.4248,-124.2584,pier,no,
43.4251,-124.2569,pier,no,
43.4148,-124.2793,slipway,no,BLM Boat Launch
43.4101,-124.281,pier,no,
43.4005,-124.2833,pier,no,
43.3804,-124.3084,pier,no,Pier in Ruin
43.3959,-124.2793,pier,no,
43.3966,-124.2789,pier,no,
43.3942,-124.2797,pier,no,
43.3928,-124.2809,pier,no,
43.3347,-124.3169,pier,no,Pier In Ruin
43.3342,-124.3179,pier,no,Dock #3
43.3364,-124.3198,pier,no,Distant Water Fleet Dock
43.3356,-124.3203,pier,no,XX
43.3366,-124.3206,pier,no,WW
43.3393,-124.32,pier,no,
43.3401,-124.32,pier,no,
43.3377,-124.3201,pier,no,
43.3382,-124.32,pier,no,
43.3382,-124.3207,pier,no,
43.34,-124.3223,pier,no,
43.3473,-124.3229,pier,no,
43.3467,-124.3257,pier,no,
43.3464,-124.3275,pier,no,I
43.3455,-124.3285,pier,no,
43.3442,-124.3232,pier,no,
43.3441,-124.3215,pier,no,
43.3445,-124.3219,pier,no,F
43.3446,-124.3208,pier,no,
43.3455,-124.3234,pier,no,
43.3457,-124.3219,pier,no,D
43.3457,-124.3206,pier,no,
43.3451,-124.3226,pier,no,E
43.3464,-124.3233,pier,no,
43.3465,-124.3219,pier,no,B
43.3466,-124.3206,pier,no,
43.346,-124.3226,pier,no,C
43.3458,-124.3246,marina,no,Charleston Marina
43.3964,-124.218,pier,no,
43.3615,-124.2019,pier,no,
43.3531,-124.1931,pier,no,
43.3494,-124.3301,pier,no,
43.3448,-124.3231,pier,no,
43.6759,-124.1917,pier,no,Crab Dock
43.676,-124.1842,pier,no,Crab Dock
44.1008,-123.0861,pier,no,
43.6794,-124.1798,pier,no,
43.6759,-124.177,pier,no,
43.6775,-124.1762,pier,no,
43.678,-124.178,pier,no,
43.6782,-124.1759,pier,no,
43.6798,-124.1751,pier,no,
43.6796,-124.1778,pier,no,
43.6801,-124.1774,pier,no,Reedsport Marine & Fabrication
43.6808,-124.1772,slipway,no,East Launch Ramp
43.6813,-124.1779,pier,no,
43.7416,-124.1212,pier,no,
43.7421,-124.1204,pier,no,
43.7382,-124.1173,pier,no,
43.713,-124.1058,pier,no,FWMC
44.1072,-123.059,pier,no,
43.968,-124.1017,pier,no,
43.9666,-124.1046,pier,no,
43.9669,-124.1039,pier,no,
43.9725,-124.1209,pier,no,
43.9738,-124.1221,pier,no,
43.9785,-124.1237,pier,no,
43.994,-124.1198,pier,no,
43.9951,-124.1202,pier,no,
43.997,-124.1208,pier,no,
43.9975,-124.1209,pier,no,
43.9981,-124.1211,pier,no,
44.0022,-124.123,pier,no,Coast Guard Pier
44.6313,-124.0486,pier,no,
44.6318,-124.0482,pier,no,
44.6324,-124.047,pier,no,
44.6299,-124.0529,pier,no,
44.6303,-124.0407,pier,no,
44.6299,-124.0398,pier,no,
44.6292,-124.041,pier,no,
44.6259,-124.0361,pier,no,
44.6257,-124.0316,pier,no,
44.6203,-124.0514,pier,no,
44.6258,-124.0457,pier,no,
44.6252,-124.0437,pier,no,
44.0992,-123.0855,pier,no,
44.0985,-123.0855,pier,no,
44.626,-124.0559,pier,no,47 MLB
44.8103,-124.0601,pier,no,
44.8088,-124.0606,pier,no,
45.5587,-123.9053,pier,no,
45.5557,-123.9119,pier,no,
45.5556,-123.9139,pier,no,
45.5569,-123.913,pier,no,
45.5541,-123.914,pier,no,
45.5539,-123.9156,pier,no,
45.5551,-123.9202,pier,no,
46.1903,-123.8244,pier,no,U.S. Coast Guard - Astoria Moori
46.1867,-123.8612,pier,no,Ruins
46.187,-123.8618,pier,no,
46.1875,-123.8628,pier,no,
46.188,-123.8636,pier,no,
46.1883,-123.8642,pier,no,
46.1888,-123.865,pier,no,
46.1906,-123.8534,pier,no,Ruins
46.1918,-123.8467,pier,no,
46.1921,-123.8457,pier,no,
46.1917,-123.8447,pier,no,
46.1935,-123.8079,pier,no,
46.1957,-123.7973,pier,no,Ruins
46.1913,-123.8356,pier,no,
45.5703,-122.7209,pier,no,
45.5696,-122.7195,pier,no,
46.2477,-119.217,pier,no,
46.2495,-119.7377,pier,no,
43.6907,-116.4148,pier,no,
45.4304,-123.9474,pier,no,
45.4116,-122.8203,pier,no,
42.263,-123.5819,pier,no,
42.9029,-124.502,slipway,no,
45.1146,-121.8059,pier,no,
45.1246,-116.7425,pier,no,
45.044,-116.8178,pier,no,
45.0448,-116.8173,pier,no,
44.8634,-123.176,slipway,no,
44.055,-123.0622,pier,no,
43.1212,-124.4107,pier,no,Ruins
43.1254,-124.4086,pier,no,Ruins
43.1246,-124.4089,pier,no,Ruins
43.1241,-124.4089,pier,no,Ruins
45.2311,-123.7966,pier,no,
45.2305,-123.7964,pier,no,
42.7393,-124.4983,pier,no,Port Orford Harbor Boat Hoist an
42.7398,-124.4986,pier,no,
45.5537,-123.9162,pier,no,
45.5537,-123.9149,pier,no,
46.2035,-123.9511,pier,no,
46.1951,-123.9341,pier,no,
46.1992,-123.9408,pier,no,
46.2041,-123.9518,pier,no,
45.6281,-122.7947,pier,no,
46.1711,-123.7102,pier,no,
46.1716,-123.7105,pier,no,
45.5602,-122.7159,pier,no,
45.5507,-122.7056,pier,no,
45.5509,-122.7062,pier,no,
45.5511,-122.7068,pier,no,
45.5515,-122.7076,pier,no,
45.5517,-122.7082,pier,no,
45.5535,-122.7127,pier,no,
45.5524,-122.7105,pier,no,
45.5526,-122.7111,pier,no,
45.5521,-122.7098,pier,no,
45.5503,-122.7053,pier,no,
44.122,-123.2964,pier,no,
43.9661,-124.1108,pier,no,
43.9662,-124.1115,pier,no,
43.9665,-124.1121,pier,no,
43.9666,-124.1111,pier,no,
43.9683,-124.0997,pier,no,
43.8864,-121.4547,marina,no,SROA Boat Launch
44.1236,-120.6866,pier,no,
45.712,-121.5317,pier,no,
45.7054,-121.8474,slipway,no,
44.1739,-123.5811,slipway,yes,Triangle Lake Boat Launch
46.0071,-122.8467,pier,no,
45.8751,-122.7995,pier,no,
46.1906,-123.822,pier,no,
46.1906,-123.8227,pier,no,
43.6905,-116.7005,pier,no,
46.2181,-119.0882,pier,no,
44.4348,-124.0585,pier,no,
45.8379,-122.815,pier,no,
45.145,-123.9719,pier,no,
45.1448,-123.9725,pier,no,
42.9343,-122.1504,pier,no,
44.4151,-124.0344,pier,no,
44.5672,-123.2551,pier,no,
44.6023,-121.2806,pier,no,
44.6018,-121.2806,pier,no,Fish passage
45.2493,-121.29,pier,no,
45.2494,-121.2892,pier,no,
44.4948,-121.1429,slipway,no,
44.494,-121.1595,slipway,no,
42.2187,-121.7882,pier,no,
46.0268,-122.8683,pier,no,
46.0099,-122.8487,pier,no,
46.2388,-119.2286,pier,no,
45.6978,-122.8691,marina,no,
45.7061,-122.8692,marina,no,
45.5924,-122.5259,pier,no,
42.4363,-123.3759,slipway,no,
44.967,-124.0052,pier,no,
45.6908,-121.2886,slipway,no,
45.5737,-122.6128,pier,no,
44.1277,-122.535,slipway,no,
42.835,-124.5647,pier,no,
44.0746,-121.3064,pier,no,
46.2092,-119.0652,pier,no,
45.6529,-122.8369,pier,no,
45.6532,-122.8375,pier,no,
45.565,-122.5483,pier,no,11198 NE Simpson Paddle Launch
46.1989,-119.0384,pier,no,
46.1996,-119.0378,pier,no,
46.2004,-119.0374,pier,no,
43.7929,-123.0308,pier,no,
45.3714,-122.5952,pier,no,
44.0568,-123.0808,pier,no,
44.5585,-121.9303,pier,no,
45.2495,-123.5061,pier,no,
45.5598,-122.4483,pier,no,
43.6977,-116.5921,pier,no,
43.6983,-116.5926,pier,no,
45.8073,-122.6293,pier,no,
46.1904,-123.8313,pier,no,
43.7936,-117.0274,pier,no,
42.2815,-120.6429,pier,no,
45.3001,-122.3493,slipway,no,
46.0078,-122.8475,pier,no,
46.0086,-122.8477,pier,no,
46.0062,-122.847,pier,no,
46.0215,-122.861,pier,no,
43.8378,-122.9985,pier,no,
45.5661,-122.4855,pier,no,
42.5636,-120.7543,slipway,no,
42.5579,-120.7746,slipway,no,
44.7705,-121.2087,slipway,no,
42.8488,-123.1594,slipway,no,
42.8502,-123.1634,slipway,no,
45.2708,-122.9794,pier,no,
45.6176,-121.1946,slipway,no,
43.2248,-121.9645,pier,no,
43.2228,-121.9617,pier,no,
43.1748,-122.1383,slipway,no,North Boat Ramp
42.0843,-120.7045,dock,no,
46.2964,-122.7921,pier,no,
45.5545,-123.9181,pier,no,Coast Guard Pier
45.5546,-123.919,pier,no,
43.3789,-124.2159,pier,no,
43.3739,-124.2105,pier,no,
43.3922,-124.2183,pier,no,
45.5499,-122.6939,pier,no,
45.5491,-122.7049,pier,no,
45.8271,-122.8371,pier,no,
45.3813,-122.6203,pier,no,
45.383,-122.6214,pier,no,
45.3845,-122.6217,pier,no,
45.3854,-122.6219,pier,no,
45.3873,-122.622,pier,no,
45.3879,-122.6224,pier,no,
45.5045,-122.6646,pier,no,
42.4952,-123.4866,slipway,no,
42.4634,-123.4863,slipway,no,
43.7125,-116.5572,pier,no,
43.7122,-116.5564,pier,no,
43.7115,-116.5546,pier,no,
43.7132,-116.5611,pier,no,
45.4833,-123.8581,pier,no,
45.4842,-123.8604,pier,no,
45.4842,-123.8648,pier,no,
45.4835,-123.8663,pier,no,
45.483,-123.8676,pier,no,
43.1212,-124.412,pier,no,
45.353,-122.6204,pier,no,
45.3527,-122.6211,pier,no,
45.3507,-122.6172,pier,no,
45.35,-122.6202,pier,no,
45.3499,-122.621,pier,no,
45.3523,-122.6198,pier,no,
45.3521,-122.6208,pier,no,
45.357,-122.6129,pier,no,
45.5449,-122.6946,pier,no,Pier 1 South
45.5503,-122.7046,pier,no,
45.5484,-122.7002,pier,no,Pier 2
45.5416,-122.6919,pier,no,Pier 1 North
45.5399,-122.6906,pier,no,
45.5872,-122.7701,pier,no,
45.5879,-122.7713,pier,no,
45.5849,-122.7672,pier,no,
45.5829,-122.7641,pier,no,
45.5832,-122.7655,pier,no,
45.5823,-122.7633,pier,no,
45.5835,-122.7649,pier,no,
45.5818,-122.7624,pier,no,
45.5814,-122.7614,pier,no,
45.5855,-122.7683,pier,no,
45.5833,-122.7662,pier,no,
45.5802,-122.7594,pier,no,Famm Fuel Pier
45.5808,-122.76,pier,no,
45.5804,-122.7587,pier,no,
42.4329,-123.0181,pier,no,
45.61,-122.6907,pier,no,
43.6929,-116.6171,slipway,no,
46.1781,-123.3464,pier,no,
46.1478,-123.3897,pier,no,
46.1897,-123.3813,pier,no,
46.1894,-123.3805,pier,no,
46.1889,-123.3793,pier,no,
46.1802,-123.3778,pier,no,
46.1806,-123.3784,pier,no,
46.1814,-123.3805,pier,no,
46.1732,-123.3607,pier,no,
46.1737,-123.3635,pier,no,
46.1737,-123.3678,pier,no,
46.1749,-123.369,pier,no,
46.1753,-123.3695,pier,no,
46.1814,-123.3824,pier,no,
46.1829,-123.3854,pier,no,
46.1852,-123.3882,pier,no,
46.199,-123.3841,pier,no,
45.6222,-122.6771,pier,no,
45.9835,-122.8344,pier,no,
42.2454,-121.8152,pier,no,
42.2448,-121.8149,pier,no,
42.241,-121.8129,pier,no,
42.2395,-121.81,pier,no,
42.2396,-121.8093,pier,no,
43.3123,-123.2206,slipway,no,
45.6615,-121.9206,pier,no,
45.6617,-121.9212,pier,no,
43.5719,-124.1678,pier,no,
43.5725,-124.1741,pier,no,
43.572,-124.1732,pier,no,
43.5718,-124.1706,pier,no,
43.5723,-124.1708,pier,no,
43.5723,-124.1725,pier,no,
46.2149,-119.1061,pier,no,
45.6403,-121.6745,slipway,no,
43.1484,-122.1659,pier,no,
43.1489,-122.1659,pier,no,
43.1497,-122.1659,pier,no,
43.1507,-122.1657,pier,no,
45.794,-120.0689,slipway,no,
45.8567,-119.8515,pier,no,
45.8572,-119.8511,pier,no,
45.8571,-119.8524,slipway,no,
45.8603,-119.6593,pier,no,Pacific Ethanol Fuel Dock
46.158,-123.8615,pier,no,
46.1581,-123.8651,pier,no,
46.1581,-123.8643,pier,no,
46.1582,-123.8659,pier,no,
45.7244,-120.6982,slipway,no,
44.4106,-123.912,pier,no,
45.6671,-121.8969,pier,no,
45.6683,-121.897,pier,no,
46.0593,-118.9084,pier,no,Madame Dorion Bridge
46.0601,-118.9083,pier,no,Madame Dorion Bridge
44.4322,-124.055,pier,no,
44.7082,-123.2069,pier,no,
44.7082,-123.208,pier,no,
44.7077,-123.2074,pier,no,
46.1495,-118.9417,pier,no,
44.8819,-123.2049,pier,no,
42.1506,-122.6172,pier,no,
45.5786,-122.4532,pier,no,
45.5789,-122.455,pier,no,
45.5796,-122.4578,pier,no,
45.5797,-122.4585,pier,no,
45.5799,-122.4591,pier,no,
45.5803,-122.4614,pier,no,
44.3269,-123.4129,pier,no,
44.5506,-118.9107,pier,no,
46.2958,-122.7976,pier,no,
46.2958,-122.7986,pier,no,
46.2957,-122.8005,pier,no,
46.2955,-122.7997,pier,no,
46.2968,-122.7966,pier,no,
45.2065,-117.2039,pier,no,
44.0249,-123.8554,slipway,no,
46.2341,-116.626,pier,no,
43.4978,-116.785,slipway,no,Four Miles South Boat Ramp
46.1625,-116.9235,slipway,no,
45.9843,-116.9057,pier,no,
43.6848,-116.5739,slipway,no,
42.1735,-122.4676,slipway,no,
45.4995,-122.6696,dock,no,
42.1798,-122.4652,pier,no,
45.5067,-123.9443,pier,no,
45.4815,-123.9037,pier,no,
45.4778,-123.9013,pier,no,
45.4772,-123.9007,pier,no,
45.4676,-123.8861,pier,no,
45.9206,-119.1644,pier,no,
46.0609,-118.9171,pier,no,
46.0876,-118.912,pier,no,
45.729,-120.6504,pier,no,
44.8834,-123.9518,pier,no,
44.8828,-123.9528,pier,no,
43.6007,-123.1367,pier,no,
45.9106,-122.8046,pier,no,
45.7226,-120.2065,slipway,no,
45.7222,-120.2059,pier,no,
43.5814,-122.0393,pier,no,Dock F
43.5795,-122.0386,pier,no,Dock C
43.5785,-122.0385,pier,no,Dock A
45.5746,-122.6131,pier,no,
45.4855,-122.6593,pier,no,
45.3651,-122.6054,pier,no,
45.3646,-122.6057,pier,no,
45.3657,-122.6051,pier,no,
45.3705,-122.612,pier,no,
45.3764,-122.621,pier,no,
45.3772,-122.6216,pier,no,
45.3786,-122.6221,pier,no,
45.5614,-122.7083,pier,no,
45.4159,-122.6644,pier,no,
46.168,-123.3974,slipway,no,
46.2572,-118.8466,pier,no,
46.2185,-119.0903,marina,no,
